epsilon,accuracy
0,0.1939825862646103
0.005,0.22962644696235657
0.01,0.2705993056297302
0.05,0.7235485911369324
