epsilon,accuracy
0,0.19349373877048492
0.005,0.228653684258461
0.01,0.26911336183547974
0.05,0.7128707766532898
