epsilon,accuracy
0,0.19773194193840027
0.005,0.23227663338184357
0.01,0.272513747215271
0.05,0.710764467716217
