epsilon,accuracy
0,0.1984333097934723
0.005,0.2335488498210907
0.01,0.2741454839706421
0.05,0.735912561416626
