epsilon,accuracy
0,0.20435793697834015
0.005,0.2384796440601349
0.01,0.2774580121040344
0.05,0.687034547328949
