epsilon,accuracy
0,0.20195075869560242
0.005,0.23594479262828827
0.01,0.27478909492492676
0.05,0.7185226678848267
