epsilon,accuracy
0,0.19556015729904175
0.005,0.23094509541988373
0.01,0.2721804678440094
0.05,0.7573087215423584
