epsilon,accuracy
0,0.19768834114074707
0.005,0.23170621693134308
0.01,0.2715815305709839
0.05,0.7202907800674438
