epsilon,accuracy
0,0.19208818674087524
0.005,0.22867457568645477
0.01,0.27135974168777466
0.05,0.7480347156524658
