epsilon,accuracy
0,0.1965077966451645
0.005,0.2321750819683075
0.01,0.27328935265541077
0.05,0.7300366163253784
