epsilon,accuracy
0,0.19753938913345337
0.005,0.23204286396503448
0.01,0.271297425031662
0.05,0.7046231031417847
