epsilon,accuracy
0,0.20045366883277893
0.005,0.2339688241481781
0.01,0.2722507417201996
0.05,0.7063169479370117
