epsilon,accuracy
0,0.19277344644069672
0.005,0.22846859693527222
0.01,0.27081575989723206
0.05,0.774494469165802
