epsilon,accuracy
0,0.19786261022090912
0.005,0.23310135304927826
0.01,0.2733392119407654
0.05,0.7017991542816162
