epsilon,accuracy
0,0.28597500920295715
0.005,0.31055018305778503
0.01,0.337178498506546
0.05,0.6221385598182678
