epsilon,accuracy
0,0.1981152594089508
0.005,0.23325751721858978
0.01,0.27385568618774414
0.05,0.7323775887489319
