epsilon,accuracy
0,0.19911536574363708
0.005,0.23365233838558197
0.01,0.273328959941864
0.05,0.7125259637832642
