epsilon,accuracy
0,0.19412364065647125
0.005,0.22896891832351685
0.01,0.26944661140441895
0.05,0.7106885313987732
