epsilon,accuracy
0,0.20527739822864532
0.005,0.2405323088169098
0.01,0.2807379364967346
0.05,0.73788982629776
