epsilon,accuracy
0,0.19301359355449677
0.005,0.229994997382164
0.01,0.2727978825569153
0.05,0.7584352493286133
