epsilon,accuracy
0,0.19846899807453156
0.005,0.23394767940044403
0.01,0.27415645122528076
0.05,0.7449875473976135
