epsilon,accuracy
0,0.1995481699705124
0.005,0.23423108458518982
0.01,0.27334773540496826
0.05,0.7203211784362793
