epsilon,accuracy
0,0.20021727681159973
0.005,0.2340402603149414
0.01,0.2731253504753113
0.05,0.7202642560005188
