epsilon,accuracy
0,0.20258712768554688
0.005,0.2396644502878189
0.01,0.28163278102874756
0.05,0.7523182034492493
