epsilon,accuracy
0,0.21184678375720978
0.005,0.245775505900383
0.01,0.28490129113197327
0.05,0.7284078598022461
