epsilon,accuracy
0,0.19716405868530273
0.005,0.23293782770633698
0.01,0.27445003390312195
0.05,0.7596950531005859
