epsilon,accuracy
0,0.2012186199426651
0.005,0.23710156977176666
0.01,0.2789682149887085
0.05,0.7386345863342285
