epsilon,accuracy
0,0.20295315980911255
0.005,0.2383936047554016
0.01,0.2779127061367035
0.05,0.7037358283996582
