epsilon,accuracy
0,0.20047880709171295
0.005,0.23364239931106567
0.01,0.27202895283699036
0.05,0.7101104259490967
