epsilon,accuracy
0,0.202643021941185
0.005,0.23793959617614746
0.01,0.2786403298377991
0.05,0.7232941389083862
