epsilon,accuracy
0,0.19905462861061096
0.005,0.23328571021556854
0.01,0.27273795008659363
0.05,0.716241717338562
