epsilon,accuracy
0,0.20848461985588074
0.005,0.24196943640708923
0.01,0.2795046865940094
0.05,0.6839879751205444
