epsilon,accuracy
0,0.20215299725532532
0.005,0.23538674414157867
0.01,0.2734164893627167
0.05,0.714667558670044
