epsilon,accuracy
0,0.19819526374340057
0.005,0.234187513589859
0.01,0.27388858795166016
0.05,0.7239987850189209
