epsilon,accuracy
0,0.19936294853687286
0.005,0.2343243956565857
0.01,0.2730764150619507
0.05,0.7130796313285828
