epsilon,accuracy
0,0.21318696439266205
0.005,0.24554704129695892
0.01,0.28293144702911377
0.05,0.7382432818412781
