epsilon,accuracy
0,0.20134176313877106
0.005,0.23563215136528015
0.01,0.2744617462158203
0.05,0.7016898393630981
