epsilon,accuracy
0,0.20388002693653107
0.005,0.23720993101596832
0.01,0.27546393871307373
0.05,0.7173489332199097
