epsilon,accuracy
0,0.19459134340286255
0.005,0.2300989180803299
0.01,0.2718147933483124
0.05,0.7459016442298889
