epsilon,accuracy
0,0.20198406279087067
0.005,0.23497210443019867
0.01,0.27369266748428345
0.05,0.7163479328155518
