epsilon,accuracy
0,0.20657576620578766
0.005,0.2408193200826645
0.01,0.28034883737564087
0.05,0.731862485408783
