epsilon,accuracy
0,0.19997717440128326
0.005,0.2363816797733307
0.01,0.279739111661911
0.05,0.7737626433372498
