epsilon,accuracy
0,0.1968470960855484
0.005,0.23108170926570892
0.01,0.2710321843624115
0.05,0.7123556137084961
