epsilon,accuracy
0,0.20675602555274963
0.005,0.24005627632141113
0.01,0.2780735492706299
0.05,0.6999024748802185
