epsilon,accuracy
0,0.21569418907165527
0.005,0.24818603694438934
0.01,0.2852660119533539
0.05,0.7143553495407104
