epsilon,accuracy
0,0.20460569858551025
0.005,0.23958246409893036
0.01,0.2790060043334961
0.05,0.704651951789856
