epsilon,accuracy
0,0.19491355121135712
0.005,0.22989067435264587
0.01,0.2707611322402954
0.05,0.747531533241272
