epsilon,accuracy
0,0.20755094289779663
0.005,0.24201983213424683
0.01,0.28190845251083374
0.05,0.7327712774276733
