epsilon,accuracy
0,0.19416476786136627
0.005,0.22950507700443268
0.01,0.2717071771621704
0.05,0.7830738425254822
