epsilon,accuracy
0,0.20954975485801697
0.005,0.24241504073143005
0.01,0.28099262714385986
0.05,0.71274334192276
