epsilon,accuracy
0,0.19732417166233063
0.005,0.23292690515518188
0.01,0.27415731549263
0.05,0.7599201202392578
