epsilon,accuracy
0,0.19510307908058167
0.005,0.23135407269001007
0.01,0.27448147535324097
0.05,0.7573620676994324
