epsilon,accuracy
0,0.1958562582731247
0.005,0.23074527084827423
0.01,0.27176904678344727
0.05,0.7468236088752747
