epsilon,accuracy
0,0.19757570326328278
0.005,0.23114696145057678
0.01,0.270272821187973
0.05,0.7210916876792908
