epsilon,accuracy
0,0.1959107518196106
0.005,0.23123155534267426
0.01,0.2722648084163666
0.05,0.7438758015632629
