epsilon,accuracy
0,0.20286379754543304
0.005,0.23689110577106476
0.01,0.2756078243255615
0.05,0.7177184224128723
