epsilon,accuracy
0,0.199249729514122
0.005,0.23628799617290497
0.01,0.27806758880615234
0.05,0.7573805451393127
