epsilon,accuracy
0,0.20967993140220642
0.005,0.24246041476726532
0.01,0.28066596388816833
0.05,0.7312716841697693
