epsilon,accuracy
0,0.2012641429901123
0.005,0.23673652112483978
0.01,0.27713534235954285
0.05,0.7275984883308411
