epsilon,accuracy
0,0.2034538984298706
0.005,0.23672044277191162
0.01,0.27503278851509094
0.05,0.7225764989852905
