epsilon,accuracy
0,0.20060354471206665
0.005,0.23467113077640533
0.01,0.2734377384185791
0.05,0.6998681426048279
