epsilon,accuracy
0,0.20140454173088074
0.005,0.23374558985233307
0.01,0.27090612053871155
0.05,0.6961861848831177
