epsilon,accuracy
0,0.19393160939216614
0.005,0.22974549233913422
0.01,0.27272409200668335
0.05,0.7905429005622864
