epsilon,accuracy
0,0.19552767276763916
0.005,0.23161521553993225
0.01,0.2738669216632843
0.05,0.7352004051208496
