epsilon,accuracy
0,0.2028212994337082
0.005,0.23817136883735657
0.01,0.2789842486381531
0.05,0.7471875548362732
