epsilon,accuracy
0,0.19556565582752228
0.005,0.23138031363487244
0.01,0.27332988381385803
0.05,0.7515910267829895
