epsilon,accuracy
0,0.19873225688934326
0.005,0.23402011394500732
0.01,0.27444300055503845
0.05,0.7034805417060852
