epsilon,accuracy
0,0.19675719738006592
0.005,0.2324461042881012
0.01,0.2745389938354492
0.05,0.7439647316932678
