epsilon,accuracy
0,0.19867751002311707
0.005,0.2341090589761734
0.01,0.27467256784439087
0.05,0.7086482048034668
