epsilon,accuracy
0,0.19933436810970306
0.005,0.23437029123306274
0.01,0.2758449614048004
0.05,0.7341926097869873
