epsilon,accuracy
0,0.1977626234292984
0.005,0.23327994346618652
0.01,0.27459439635276794
0.05,0.759263277053833
