epsilon,accuracy
0,0.19817128777503967
0.005,0.23257292807102203
0.01,0.2729714512825012
0.05,0.7264432311058044
