epsilon,accuracy
0,0.19647225737571716
0.005,0.23202481865882874
0.01,0.2736165225505829
0.05,0.7275779843330383
