epsilon,accuracy
0,0.19626253843307495
0.005,0.23144203424453735
0.01,0.272531121969223
0.05,0.7579021453857422
