epsilon,accuracy
0,0.1991371065378189
0.005,0.2345980852842331
0.01,0.2756032645702362
0.05,0.7388105988502502
