epsilon,accuracy
0,0.2056942731142044
0.005,0.23842576146125793
0.01,0.27625876665115356
0.05,0.7268636226654053
