epsilon,accuracy
0,0.20874828100204468
0.005,0.24265776574611664
0.01,0.28176188468933105
0.05,0.7341032028198242
