epsilon,accuracy
0,0.20147272944450378
0.005,0.23578162491321564
0.01,0.27521687746047974
0.05,0.724310576915741
