epsilon,accuracy
0,0.19928336143493652
0.005,0.234797403216362
0.01,0.2764265239238739
0.05,0.7465327978134155
