epsilon,accuracy
0,0.1948121041059494
0.005,0.2293577790260315
0.01,0.26885250210762024
0.05,0.713325023651123
