epsilon,accuracy
0,0.22143730521202087
0.005,0.2514878511428833
0.01,0.28599265217781067
0.05,0.6918300986289978
