epsilon,accuracy
0,0.19930888712406158
0.005,0.2333514243364334
0.01,0.27221810817718506
0.05,0.7093518972396851
