epsilon,accuracy
0,0.1987212747335434
0.005,0.23349258303642273
0.01,0.273459792137146
0.05,0.7484814524650574
