epsilon,accuracy
0,0.19961322844028473
0.005,0.23436559736728668
0.01,0.2752985656261444
0.05,0.7237658500671387
