epsilon,accuracy
0,0.19837810099124908
0.005,0.23269803822040558
0.01,0.2717406451702118
0.05,0.7101727724075317
