epsilon,accuracy
0,0.1992756873369217
0.005,0.23467130959033966
0.01,0.2756001651287079
0.05,0.7414190173149109
