epsilon,accuracy
0,0.2078925371170044
0.005,0.24307605624198914
0.01,0.28248098492622375
0.05,0.7023528218269348
