epsilon,accuracy
0,0.19187629222869873
0.005,0.22802391648292542
0.01,0.2699678838253021
0.05,0.7396751642227173
