epsilon,accuracy
0,0.19755588471889496
0.005,0.23330791294574738
0.01,0.2740137577056885
0.05,0.6902551651000977
