epsilon,accuracy
0,0.199068084359169
0.005,0.2350996732711792
0.01,0.2769993841648102
0.05,0.7538796067237854
