epsilon,accuracy
0,0.19784770905971527
0.005,0.23337909579277039
0.01,0.2740353047847748
0.05,0.7462142705917358
