epsilon,accuracy
0,0.20259925723075867
0.005,0.2364509254693985
0.01,0.27601468563079834
0.05,0.7184521555900574
