epsilon,accuracy
0,0.19555647671222687
0.005,0.2314177304506302
0.01,0.27384498715400696
0.05,0.7307567596435547
