epsilon,accuracy
0,0.19103595614433289
0.005,0.22768522799015045
0.01,0.2704223692417145
0.05,0.7708884477615356
