epsilon,accuracy
0,0.1992332935333252
0.005,0.23430375754833221
0.01,0.27495214343070984
0.05,0.7339264750480652
