epsilon,accuracy
0,0.21780386567115784
0.005,0.2491137534379959
0.01,0.28506988286972046
0.05,0.6987586617469788
