epsilon,accuracy
0,0.19284535944461823
0.005,0.22878991067409515
0.01,0.2710559368133545
0.05,0.7776485681533813
