epsilon,accuracy
0,0.20450328290462494
0.005,0.23826637864112854
0.01,0.27613013982772827
0.05,0.6896533966064453
