epsilon,accuracy
0,0.1975158005952835
0.005,0.23265954852104187
0.01,0.2728806138038635
0.05,0.6892730593681335
