epsilon,accuracy
0,0.19745579361915588
0.005,0.23164071142673492
0.01,0.2713673710823059
0.05,0.711673378944397
