epsilon,accuracy
0,0.19636668264865875
0.005,0.23151235282421112
0.01,0.2705173194408417
0.05,0.7112274169921875
