epsilon,accuracy
0,0.19998911023139954
0.005,0.23474036157131195
0.01,0.27463844418525696
0.05,0.7263640761375427
