epsilon,accuracy
0,0.19653844833374023
0.005,0.2309959977865219
0.01,0.27114689350128174
0.05,0.6889349222183228
