epsilon,accuracy
0,0.19215801358222961
0.005,0.22781702876091003
0.01,0.26875433325767517
0.05,0.7310961484909058
