epsilon,accuracy
0,0.19638164341449738
0.005,0.2309693694114685
0.01,0.2716311812400818
0.05,0.7423748970031738
