epsilon,accuracy
0,0.1961056888103485
0.005,0.23100589215755463
0.01,0.2714768052101135
0.05,0.7375406622886658
