epsilon,accuracy
0,0.20502354204654694
0.005,0.24008195102214813
0.01,0.280555784702301
0.05,0.7424675822257996
