epsilon,accuracy
0,0.19696687161922455
0.005,0.23315240442752838
0.01,0.2752445340156555
0.05,0.7793326377868652
