epsilon,accuracy
0,0.19637754559516907
0.005,0.2311379462480545
0.01,0.2721492648124695
0.05,0.7679510712623596
