epsilon,accuracy
0,0.1981012374162674
0.005,0.23250797390937805
0.01,0.27244290709495544
0.05,0.7170577645301819
