epsilon,accuracy
0,0.209727481007576
0.005,0.24291782081127167
0.01,0.2812447249889374
0.05,0.7391955852508545
