epsilon,accuracy
0,0.19483113288879395
0.005,0.23067966103553772
0.01,0.27229076623916626
0.05,0.7301554083824158
