epsilon,accuracy
0,0.1986253410577774
0.005,0.23383791744709015
0.01,0.2746662497520447
0.05,0.7513202428817749
