epsilon,accuracy
0,0.20366089046001434
0.005,0.23788875341415405
0.01,0.27669557929039
0.05,0.693699300289154
