epsilon,accuracy
0,0.19753703474998474
0.005,0.2316380888223648
0.01,0.2716497480869293
0.05,0.7208877801895142
