epsilon,accuracy
0,0.20645771920681
0.005,0.24139748513698578
0.01,0.2820322513580322
0.05,0.7371026873588562
