epsilon,accuracy
0,0.19353602826595306
0.005,0.22913780808448792
0.01,0.2704688310623169
0.05,0.7517474293708801
