epsilon,accuracy
0,0.19643834233283997
0.005,0.23063847422599792
0.01,0.26910489797592163
0.05,0.712568461894989
