epsilon,accuracy
0,0.20591187477111816
0.005,0.23966002464294434
0.01,0.2786514461040497
0.05,0.7143533229827881
