epsilon,accuracy
0,0.19355501234531403
0.005,0.2280949503183365
0.01,0.2679429054260254
0.05,0.7130938768386841
