epsilon,accuracy
0,0.19540579617023468
0.005,0.23176981508731842
0.01,0.27320602536201477
0.05,0.7323247790336609
