epsilon,accuracy
0,0.1990843415260315
0.005,0.23409904539585114
0.01,0.27294084429740906
0.05,0.7093777656555176
