epsilon,accuracy
0,0.1970919519662857
0.005,0.2315491884946823
0.01,0.2711658477783203
0.05,0.7167224884033203
