epsilon,accuracy
0,0.1978936344385147
0.005,0.23437665402889252
0.01,0.2764517664909363
0.05,0.7437759637832642
