epsilon,accuracy
0,0.20139186084270477
0.005,0.23668155074119568
0.01,0.2774767279624939
0.05,0.7478821277618408
