epsilon,accuracy
0,0.19406147301197052
0.005,0.23086532950401306
0.01,0.27292194962501526
0.05,0.756092369556427
