epsilon,accuracy
0,0.19682560861110687
0.005,0.2313784807920456
0.01,0.27078405022621155
0.05,0.7071895599365234
