epsilon,accuracy
0,0.20765799283981323
0.005,0.24065160751342773
0.01,0.27861058712005615
0.05,0.7337956428527832
