epsilon,accuracy
0,0.1999683529138565
0.005,0.23427776992321014
0.01,0.27348509430885315
0.05,0.7123719453811646
