epsilon,accuracy
0,0.22196687757968903
0.005,0.2539973855018616
0.01,0.29006722569465637
0.05,0.6784428954124451
