epsilon,accuracy
0,0.2358420342206955
0.005,0.26684853434562683
0.01,0.3019835650920868
0.05,0.7138203978538513
