epsilon,accuracy
0,0.19827081263065338
0.005,0.23387454450130463
0.01,0.2745947539806366
0.05,0.7225753664970398
