epsilon,accuracy
0,0.1950371116399765
0.005,0.23003052175045013
0.01,0.2696062922477722
0.05,0.7330852746963501
