epsilon,accuracy
0,0.22623491287231445
0.005,0.25776389241218567
0.01,0.2940250635147095
0.05,0.7022331953048706
