epsilon,accuracy
0,0.19996348023414612
0.005,0.23269782960414886
0.01,0.2704770267009735
0.05,0.6948128342628479
