epsilon,accuracy
0,0.19894392788410187
0.005,0.2347458302974701
0.01,0.2758907973766327
0.05,0.7345471978187561
