epsilon,accuracy
0,0.20814430713653564
0.005,0.2411024272441864
0.01,0.2789076566696167
0.05,0.7121049761772156
