epsilon,accuracy
0,0.1964247226715088
0.005,0.2308792918920517
0.01,0.27082207798957825
0.05,0.741108775138855
