epsilon,accuracy
0,0.19701479375362396
0.005,0.23328499495983124
0.01,0.2756461203098297
0.05,0.7797625660896301
