epsilon,accuracy
0,0.20412471890449524
0.005,0.23895123600959778
0.01,0.2791357934474945
0.05,0.7492120265960693
