epsilon,accuracy
0,0.1982867568731308
0.005,0.23302502930164337
0.01,0.27372318506240845
0.05,0.7255387902259827
