epsilon,accuracy
0,0.20020365715026855
0.005,0.23500755429267883
0.01,0.27494633197784424
0.05,0.7275879979133606
