epsilon,accuracy
0,0.19310083985328674
0.005,0.22788764536380768
0.01,0.2699340283870697
0.05,0.7833811640739441
