epsilon,accuracy
0,0.2012164443731308
0.005,0.23527272045612335
0.01,0.273968368768692
0.05,0.725760281085968
