epsilon,accuracy
0,0.2875228524208069
0.005,0.3119523525238037
0.01,0.3383350968360901
0.05,0.6220818161964417
