epsilon,accuracy
0,0.19618825614452362
0.005,0.23105302453041077
0.01,0.27007755637168884
0.05,0.6924983263015747
