epsilon,accuracy
0,0.20087830722332
0.005,0.23388588428497314
0.01,0.2717495262622833
0.05,0.7016452550888062
