epsilon,accuracy
0,0.19761024415493011
0.005,0.2310255467891693
0.01,0.26986753940582275
0.05,0.7178263068199158
