epsilon,accuracy
0,0.1959148645401001
0.005,0.23093147575855255
0.01,0.27201008796691895
0.05,0.7508036494255066
