epsilon,accuracy
0,0.1958644688129425
0.005,0.2315414994955063
0.01,0.27371883392333984
0.05,0.757297933101654
