epsilon,accuracy
0,0.20282895863056183
0.005,0.2386109083890915
0.01,0.2796873450279236
0.05,0.7256456613540649
