epsilon,accuracy
0,0.19512611627578735
0.005,0.22968913614749908
0.01,0.2694043517112732
0.05,0.7061488628387451
