epsilon,accuracy
0,0.19221040606498718
0.005,0.22809050977230072
0.01,0.2696458399295807
0.05,0.711349368095398
