epsilon,accuracy
0,0.19619590044021606
0.005,0.22989457845687866
0.01,0.2685447931289673
0.05,0.713198721408844
