epsilon,accuracy
0,0.20441807806491852
0.005,0.23905394971370697
0.01,0.2790803909301758
0.05,0.7043335437774658
