epsilon,accuracy
0,0.1966416835784912
0.005,0.23137566447257996
0.01,0.27061763405799866
0.05,0.7153971195220947
