epsilon,accuracy
0,0.19237641990184784
0.005,0.2291163057088852
0.01,0.2722986042499542
0.05,0.751766562461853
