epsilon,accuracy
0,0.19103772938251495
0.005,0.22738651931285858
0.01,0.2697881758213043
0.05,0.7462573647499084
