epsilon,accuracy
0,0.19665737450122833
0.005,0.2307240515947342
0.01,0.26961496472358704
0.05,0.7227635383605957
