epsilon,accuracy
0,0.19719795882701874
0.005,0.2328985184431076
0.01,0.2744140625
0.05,0.7538484930992126
