epsilon,accuracy
0,0.20349352061748505
0.005,0.23653975129127502
0.01,0.2743116319179535
0.05,0.7107651829719543
