epsilon,accuracy
0,0.1973809450864792
0.005,0.23371104896068573
0.01,0.2759566903114319
0.05,0.7424731850624084
