epsilon,accuracy
0,0.1981491893529892
0.005,0.2326190024614334
0.01,0.27276191115379333
0.05,0.6805028319358826
