epsilon,accuracy
0,0.19671615958213806
0.005,0.2315535545349121
0.01,0.2713298201560974
0.05,0.703296422958374
