epsilon,accuracy
0,0.20212942361831665
0.005,0.23866677284240723
0.01,0.27972787618637085
0.05,0.7351961135864258
