epsilon,accuracy
0,0.1923203021287918
0.005,0.22831226885318756
0.01,0.27147889137268066
0.05,0.7855464816093445
