epsilon,accuracy
0,0.19914127886295319
0.005,0.23605456948280334
0.01,0.2785179615020752
0.05,0.7370032668113708
