epsilon,accuracy
0,0.2129824161529541
0.005,0.24697911739349365
0.01,0.2867125868797302
0.05,0.7207876443862915
