epsilon,accuracy
0,0.19647623598575592
0.005,0.23162540793418884
0.01,0.2714464068412781
0.05,0.7086905837059021
