epsilon,accuracy
0,0.20311106741428375
0.005,0.23691684007644653
0.01,0.2755335867404938
0.05,0.7214982509613037
