epsilon,accuracy
0,0.19723482429981232
0.005,0.23179049789905548
0.01,0.2718397080898285
0.05,0.695258378982544
