epsilon,accuracy
0,0.199575737118721
0.005,0.23400121927261353
0.01,0.27385851740837097
0.05,0.7091639041900635
