epsilon,accuracy
0,0.19714055955410004
0.005,0.2316151112318039
0.01,0.2705383598804474
0.05,0.6927911043167114
