epsilon,accuracy
0,0.20438559353351593
0.005,0.23805765807628632
0.01,0.2765650749206543
0.05,0.7311503887176514
