epsilon,accuracy
0,0.1982673853635788
0.005,0.23223108053207397
0.01,0.27213382720947266
0.05,0.726229190826416
