epsilon,accuracy
0,0.19199734926223755
0.005,0.22779884934425354
0.01,0.2694895267486572
0.05,0.7281824946403503
