epsilon,accuracy
0,0.19410879909992218
0.005,0.22812823951244354
0.01,0.2673090696334839
0.05,0.7139794230461121
