epsilon,accuracy
0,0.19853948056697845
0.005,0.23513264954090118
0.01,0.2775806188583374
0.05,0.758765459060669
