epsilon,accuracy
0,0.19779130816459656
0.005,0.23236696422100067
0.01,0.27196261286735535
0.05,0.717941164970398
