epsilon,accuracy
0,0.20300154387950897
0.005,0.237747460603714
0.01,0.27653566002845764
0.05,0.691580593585968
