epsilon,accuracy
0,0.19872839748859406
0.005,0.23305131494998932
0.01,0.27294015884399414
0.05,0.6956208348274231
