epsilon,accuracy
0,0.19720710813999176
0.005,0.2315130978822708
0.01,0.2707466781139374
0.05,0.6945891380310059
