epsilon,accuracy
0,0.20443011820316315
0.005,0.23837727308273315
0.01,0.2773691713809967
0.05,0.727495551109314
