epsilon,accuracy
0,0.19890907406806946
0.005,0.23317848145961761
0.01,0.2730763256549835
0.05,0.7266407608985901
