epsilon,accuracy
0,0.22364632785320282
0.005,0.2560900151729584
0.01,0.2930690050125122
0.05,0.7183324098587036
