epsilon,accuracy
0,0.19718676805496216
0.005,0.23316937685012817
0.01,0.2747771739959717
0.05,0.7468587160110474
