epsilon,accuracy
0,0.19682960212230682
0.005,0.2328052669763565
0.01,0.27469402551651
0.05,0.7339677214622498
