epsilon,accuracy
0,0.20113112032413483
0.005,0.23703159391880035
0.01,0.27895650267601013
0.05,0.7595301866531372
