epsilon,accuracy
0,0.2048378884792328
0.005,0.23823007941246033
0.01,0.27620846033096313
0.05,0.7069699168205261
