epsilon,accuracy
0,0.19954025745391846
0.005,0.2343994826078415
0.01,0.27439090609550476
0.05,0.7063853144645691
