epsilon,accuracy
0,0.20171914994716644
0.005,0.23641423881053925
0.01,0.27630674839019775
0.05,0.7316770553588867
