epsilon,accuracy
0,0.197947159409523
0.005,0.23401416838169098
0.01,0.27607595920562744
0.05,0.7776186466217041
