epsilon,accuracy
0,0.19795289635658264
0.005,0.23414652049541473
0.01,0.27438583970069885
0.05,0.7084052562713623
