epsilon,accuracy
0,0.20311550796031952
0.005,0.23753131926059723
0.01,0.2765273451805115
0.05,0.728033721446991
