epsilon,accuracy
0,0.21749915182590485
0.005,0.24873076379299164
0.01,0.28447362780570984
0.05,0.6986058950424194
