epsilon,accuracy
0,0.20179441571235657
0.005,0.23701025545597076
0.01,0.27729007601737976
0.05,0.7112940549850464
