epsilon,accuracy
0,0.19160224497318268
0.005,0.22862862050533295
0.01,0.27109962701797485
0.05,0.7539709210395813
