epsilon,accuracy
0,0.19582998752593994
0.005,0.23200291395187378
0.01,0.27268150448799133
0.05,0.7181354761123657
