epsilon,accuracy
0,0.2006176859140396
0.005,0.23459187150001526
0.01,0.27343928813934326
0.05,0.7026793360710144
