epsilon,accuracy
0,0.1953774094581604
0.005,0.23143886029720306
0.01,0.27332890033721924
0.05,0.7449959516525269
