epsilon,accuracy
0,0.20620529353618622
0.005,0.23876945674419403
0.01,0.27640289068222046
0.05,0.7205421924591064
