epsilon,accuracy
0,0.19515444338321686
0.005,0.23046794533729553
0.01,0.27177590131759644
0.05,0.7615166902542114
