epsilon,accuracy
0,0.20115600526332855
0.005,0.2354491651058197
0.01,0.27481794357299805
0.05,0.7244832515716553
