epsilon,accuracy
0,0.19799625873565674
0.005,0.23432259261608124
0.01,0.2757551670074463
0.05,0.7490333318710327
