epsilon,accuracy
0,0.20252566039562225
0.005,0.23757918179035187
0.01,0.2788631319999695
0.05,0.7439823746681213
