epsilon,accuracy
0,0.19923055171966553
0.005,0.23249845206737518
0.01,0.27104175090789795
0.05,0.6981346607208252
