epsilon,accuracy
0,0.19787591695785522
0.005,0.2317628413438797
0.01,0.2709164619445801
0.05,0.7232792377471924
