epsilon,accuracy
0,0.1937084048986435
0.005,0.22871817648410797
0.01,0.26826879382133484
0.05,0.7181921601295471
