epsilon,accuracy
0,0.22342117130756378
0.005,0.25273239612579346
0.01,0.2862204611301422
0.05,0.6791165471076965
