epsilon,accuracy
0,0.28900569677352905
0.005,0.3135966956615448
0.01,0.34033337235450745
0.05,0.6255146861076355
