epsilon,accuracy
0,0.2336677759885788
0.005,0.263527512550354
0.01,0.29712650179862976
0.05,0.6834839582443237
