epsilon,accuracy
0,0.20097456872463226
0.005,0.2357652634382248
0.01,0.276349276304245
0.05,0.7475574016571045
