epsilon,accuracy
0,0.20556044578552246
0.005,0.23750703036785126
0.01,0.2747737765312195
0.05,0.7029250860214233
