epsilon,accuracy
0,0.203673854470253
0.005,0.23847877979278564
0.01,0.2781408131122589
0.05,0.7345414161682129
