epsilon,accuracy
0,0.19309060275554657
0.005,0.22987863421440125
0.01,0.2717932164669037
0.05,0.7461069822311401
