epsilon,accuracy
0,0.20752748847007751
0.005,0.24145272374153137
0.01,0.2808288335800171
0.05,0.7134602665901184
