epsilon,accuracy
0,0.19737716019153595
0.005,0.23146705329418182
0.01,0.27131012082099915
0.05,0.7214828729629517
