epsilon,accuracy
0,0.20635727047920227
0.005,0.2392454445362091
0.01,0.27678152918815613
0.05,0.721123993396759
