epsilon,accuracy
0,0.20515424013137817
0.005,0.24029552936553955
0.01,0.28014692664146423
0.05,0.7455133199691772
