epsilon,accuracy
0,0.21812216937541962
0.005,0.24934633076190948
0.01,0.28559741377830505
0.05,0.7069307565689087
