epsilon,accuracy
0,0.2028341293334961
0.005,0.2359686642885208
0.01,0.2739659547805786
0.05,0.7121448516845703
