epsilon,accuracy
0,0.19555261731147766
0.005,0.2293194830417633
0.01,0.26862847805023193
0.05,0.6951819062232971
