epsilon,accuracy
0,0.19999314844608307
0.005,0.2341720461845398
0.01,0.2730554938316345
0.05,0.7137264609336853
