epsilon,accuracy
0,0.20341302454471588
0.005,0.23811736702919006
0.01,0.27853742241859436
0.05,0.7300876379013062
