epsilon,accuracy
0,0.1984153538942337
0.005,0.23320290446281433
0.01,0.2729300856590271
0.05,0.7184485793113708
