epsilon,accuracy
0,0.19684720039367676
0.005,0.23240922391414642
0.01,0.272967129945755
0.05,0.7533612251281738
