epsilon,accuracy
0,0.19779691100120544
0.005,0.23285621404647827
0.01,0.2733387053012848
0.05,0.6991220116615295
