epsilon,accuracy
0,0.20666608214378357
0.005,0.24010145664215088
0.01,0.27773770689964294
0.05,0.6997728943824768
