epsilon,accuracy
0,0.1990233063697815
0.005,0.23234984278678894
0.01,0.2715851664543152
0.05,0.7020592093467712
