epsilon,accuracy
0,0.19781208038330078
0.005,0.23243485391139984
0.01,0.2723992168903351
0.05,0.6953639984130859
