epsilon,accuracy
0,0.1985078603029251
0.005,0.23478008806705475
0.01,0.2770858407020569
0.05,0.7648013830184937
