epsilon,accuracy
0,0.1962943822145462
0.005,0.23048511147499084
0.01,0.2703841030597687
0.05,0.7261723875999451
