epsilon,accuracy
0,0.19625553488731384
0.005,0.23155727982521057
0.01,0.2725732624530792
0.05,0.7413263916969299
