epsilon,accuracy
0,0.21057827770709991
0.005,0.2449580579996109
0.01,0.28418421745300293
0.05,0.7358166575431824
