epsilon,accuracy
0,0.2021421194076538
0.005,0.2356230765581131
0.01,0.2740486264228821
0.05,0.718295156955719
