epsilon,accuracy
0,0.19961534440517426
0.005,0.23304513096809387
0.01,0.2713058888912201
0.05,0.7091687321662903
