epsilon,accuracy
0,0.19734124839305878
0.005,0.2322295755147934
0.01,0.27178043127059937
0.05,0.7210135459899902
