epsilon,accuracy
0,0.19416628777980804
0.005,0.2295670360326767
0.01,0.27178385853767395
0.05,0.774187445640564
