epsilon,accuracy
0,0.19745603203773499
0.005,0.23316065967082977
0.01,0.2748316526412964
0.05,0.7611774802207947
