epsilon,accuracy
0,0.19907508790493011
0.005,0.23349420726299286
0.01,0.2731863260269165
0.05,0.7139561772346497
