epsilon,accuracy
0,0.2022395133972168
0.005,0.23597456514835358
0.01,0.2744131088256836
0.05,0.7030353546142578
