epsilon,accuracy
0,0.19919489324092865
0.005,0.23334479331970215
0.01,0.2724236845970154
0.05,0.7199627757072449
