epsilon,accuracy
0,0.20143988728523254
0.005,0.2353125959634781
0.01,0.27445369958877563
0.05,0.6979276537895203
