epsilon,accuracy
0,0.19633224606513977
0.005,0.23040461540222168
0.01,0.2691888213157654
0.05,0.7183257341384888
