epsilon,accuracy
0,0.19355197250843048
0.005,0.2292136251926422
0.01,0.2719069719314575
0.05,0.7849524617195129
