epsilon,accuracy
0,0.19679875671863556
0.005,0.23103100061416626
0.01,0.2696014642715454
0.05,0.7013360261917114
