epsilon,accuracy
0,0.19854630529880524
0.005,0.23322662711143494
0.01,0.2722991108894348
0.05,0.7096351981163025
