epsilon,accuracy
0,0.1972869336605072
0.005,0.23162895441055298
0.01,0.2704260051250458
0.05,0.6919773817062378
