epsilon,accuracy
0,0.19794081151485443
0.005,0.233943372964859
0.01,0.27487725019454956
0.05,0.7096686363220215
