epsilon,accuracy
0,0.196072518825531
0.005,0.23083584010601044
0.01,0.2712162733078003
0.05,0.723968505859375
