epsilon,accuracy
0,0.19734932482242584
0.005,0.23109549283981323
0.01,0.26956483721733093
0.05,0.7172046303749084
