epsilon,accuracy
0,0.21597103774547577
0.005,0.24511224031448364
0.01,0.2788492739200592
0.05,0.6788809299468994
