epsilon,accuracy
0,0.19965007901191711
0.005,0.2371530681848526
0.01,0.27977925539016724
0.05,0.7489959001541138
