epsilon,accuracy
0,0.2823743522167206
0.005,0.3073062002658844
0.01,0.33420905470848083
0.05,0.6210224032402039
