epsilon,accuracy
0,0.20050197839736938
0.005,0.237150177359581
0.01,0.2793852388858795
0.05,0.7346321940422058
