epsilon,accuracy
0,0.19586049020290375
0.005,0.23108437657356262
0.01,0.2715587913990021
0.05,0.7409572601318359
