epsilon,accuracy
0,0.19852998852729797
0.005,0.23427797853946686
0.01,0.2750607132911682
0.05,0.7348625063896179
