epsilon,accuracy
0,0.1953023225069046
0.005,0.23109403252601624
0.01,0.2723548412322998
0.05,0.7537158131599426
