epsilon,accuracy
0,0.1931980699300766
0.005,0.2287725955247879
0.01,0.2713782787322998
0.05,0.7808119654655457
