epsilon,accuracy
0,0.19820377230644226
0.005,0.23233991861343384
0.01,0.2718789279460907
0.05,0.7212857007980347
