epsilon,accuracy
0,0.22358611226081848
0.005,0.2550053596496582
0.01,0.29146140813827515
0.05,0.6982539892196655
