epsilon,accuracy
0,0.19666314125061035
0.005,0.23229876160621643
0.01,0.27338045835494995
0.05,0.7355296015739441
