epsilon,accuracy
0,0.1973065733909607
0.005,0.2338622808456421
0.01,0.2762472331523895
0.05,0.7366605401039124
