epsilon,accuracy
0,0.19616128504276276
0.005,0.23094713687896729
0.01,0.27231255173683167
0.05,0.7419688105583191
