epsilon,accuracy
0,0.19534094631671906
0.005,0.23125286400318146
0.01,0.27228254079818726
0.05,0.7200126647949219
