epsilon,accuracy
0,0.1965651959180832
0.005,0.23008953034877777
0.01,0.2687814235687256
0.05,0.7145169377326965
