epsilon,accuracy
0,0.19878186285495758
0.005,0.23255906999111176
0.01,0.2715684473514557
0.05,0.6877924203872681
