epsilon,accuracy
0,0.19699285924434662
0.005,0.231515571475029
0.01,0.27216899394989014
0.05,0.7267547249794006
