epsilon,accuracy
0,0.20206265151500702
0.005,0.2364310920238495
0.01,0.27620020508766174
0.05,0.7441976070404053
