epsilon,accuracy
0,0.1962675154209137
0.005,0.2325924038887024
0.01,0.2739022672176361
0.05,0.7489179372787476
