epsilon,accuracy
0,0.19416002929210663
0.005,0.22923125326633453
0.01,0.2703143060207367
0.05,0.7196390628814697
