epsilon,accuracy
0,0.1989070475101471
0.005,0.232051283121109
0.01,0.26972922682762146
0.05,0.6949318647384644
