epsilon,accuracy
0,0.2049189805984497
0.005,0.23979000747203827
0.01,0.2797626852989197
0.05,0.7417358756065369
