epsilon,accuracy
0,0.19790679216384888
0.005,0.23204191029071808
0.01,0.27213913202285767
0.05,0.7431453466415405
