epsilon,accuracy
0,0.2007150799036026
0.005,0.2345277965068817
0.01,0.27344998717308044
0.05,0.7243470549583435
