epsilon,accuracy
0,0.19521784782409668
0.005,0.2295176237821579
0.01,0.2692776918411255
0.05,0.7415805459022522
