epsilon,accuracy
0,0.2052055448293686
0.005,0.2393474280834198
0.01,0.2785009443759918
0.05,0.7014572024345398
