epsilon,accuracy
0,0.20937849581241608
0.005,0.24360038340091705
0.01,0.2823130786418915
0.05,0.7217487692832947
