epsilon,accuracy
0,0.20103661715984344
0.005,0.2349098026752472
0.01,0.2736590504646301
0.05,0.7136681079864502
