epsilon,accuracy
0,0.19645003974437714
0.005,0.23182052373886108
0.01,0.27195319533348083
0.05,0.7510836124420166
