epsilon,accuracy
0,0.19554264843463898
0.005,0.2291090339422226
0.01,0.26856228709220886
0.05,0.6897560358047485
