epsilon,accuracy
0,0.19721534848213196
0.005,0.23227736353874207
0.01,0.2724575698375702
0.05,0.7023257613182068
