epsilon,accuracy
0,0.21278241276741028
0.005,0.2457440346479416
0.01,0.2834194004535675
0.05,0.7347481846809387
