epsilon,accuracy
0,0.1989087462425232
0.005,0.23429381847381592
0.01,0.2750166058540344
0.05,0.6952019333839417
