epsilon,accuracy
0,0.2012108862400055
0.005,0.23692409694194794
0.01,0.2787357270717621
0.05,0.7358078956604004
