epsilon,accuracy
0,0.19892996549606323
0.005,0.2344619482755661
0.01,0.27515095472335815
0.05,0.7361471652984619
