epsilon,accuracy
0,0.20594744384288788
0.005,0.23991446197032928
0.01,0.27868208289146423
0.05,0.7189472913742065
