epsilon,accuracy
0,0.2025035321712494
0.005,0.23683162033557892
0.01,0.276593416929245
0.05,0.7080339193344116
