epsilon,accuracy
0,0.1977308988571167
0.005,0.23214679956436157
0.01,0.2716372609138489
0.05,0.7100852727890015
