epsilon,accuracy
0,0.21206353604793549
0.005,0.24409081041812897
0.01,0.2811735272407532
0.05,0.7018635272979736
