epsilon,accuracy
0,0.19633682072162628
0.005,0.23079682886600494
0.01,0.27062904834747314
0.05,0.7254908084869385
