epsilon,accuracy
0,0.1983993947505951
0.005,0.23250651359558105
0.01,0.27128949761390686
0.05,0.6947332620620728
