epsilon,accuracy
0,0.19891150295734406
0.005,0.23427633941173553
0.01,0.274698406457901
0.05,0.7253892421722412
