epsilon,accuracy
0,0.19322705268859863
0.005,0.2289542853832245
0.01,0.2715188264846802
0.05,0.7828806042671204
