epsilon,accuracy
0,0.19627921283245087
0.005,0.23195354640483856
0.01,0.273677796125412
0.05,0.7340344190597534
