epsilon,accuracy
0,0.208203986287117
0.005,0.24174058437347412
0.01,0.2806003987789154
0.05,0.7396352887153625
