epsilon,accuracy
0,0.20437157154083252
0.005,0.2392367273569107
0.01,0.27900174260139465
0.05,0.7065286636352539
