epsilon,accuracy
0,0.1957598477602005
0.005,0.2317773699760437
0.01,0.2741931080818176
0.05,0.7503225803375244
