epsilon,accuracy
0,0.19669145345687866
0.005,0.23224058747291565
0.01,0.2737283706665039
0.05,0.7381442189216614
