epsilon,accuracy
0,0.19913992285728455
0.005,0.2335098683834076
0.01,0.27210745215415955
0.05,0.7052550911903381
