epsilon,accuracy
0,0.19895736873149872
0.005,0.23407232761383057
0.01,0.2741001844406128
0.05,0.7075279355049133
