epsilon,accuracy
0,0.19987469911575317
0.005,0.23393741250038147
0.01,0.27312397956848145
0.05,0.7172056436538696
