epsilon,accuracy
0,0.19976428151130676
0.005,0.2340758591890335
0.01,0.2731413245201111
0.05,0.7037433385848999
