epsilon,accuracy
0,0.19275949895381927
0.005,0.22829978168010712
0.01,0.2710520923137665
0.05,0.7887881398200989
