epsilon,accuracy
0,0.19736340641975403
0.005,0.23215992748737335
0.01,0.27224358916282654
0.05,0.7047781348228455
