epsilon,accuracy
0,0.2036827951669693
0.005,0.23895259201526642
0.01,0.27934080362319946
0.05,0.7500020265579224
