epsilon,accuracy
0,0.19671213626861572
0.005,0.2313917726278305
0.01,0.27162548899650574
0.05,0.7300804257392883
