epsilon,accuracy
0,0.19691237807273865
0.005,0.23074503242969513
0.01,0.2700514793395996
0.05,0.7154720425605774
