epsilon,accuracy
0,0.19587500393390656
0.005,0.23138797283172607
0.01,0.27240824699401855
0.05,0.7181746363639832
