epsilon,accuracy
0,0.20069119334220886
0.005,0.23542337119579315
0.01,0.2756197452545166
0.05,0.7218096852302551
