epsilon,accuracy
0,0.20012883841991425
0.005,0.2351144254207611
0.01,0.27484482526779175
0.05,0.7074161767959595
