epsilon,accuracy
0,0.24636901915073395
0.005,0.2766095697879791
0.01,0.31043845415115356
0.05,0.696670651435852
