epsilon,accuracy
0,0.1986042857170105
0.005,0.23452506959438324
0.01,0.2760387063026428
0.05,0.7344134449958801
