epsilon,accuracy
0,0.2012246996164322
0.005,0.2337043285369873
0.01,0.27207136154174805
0.05,0.7050353288650513
