epsilon,accuracy
0,0.20198611915111542
0.005,0.23629239201545715
0.01,0.2748646140098572
0.05,0.7134909629821777
