epsilon,accuracy
0,0.19401994347572327
0.005,0.22925391793251038
0.01,0.2697606086730957
0.05,0.7482771277427673
