epsilon,accuracy
0,0.19994768500328064
0.005,0.234290212392807
0.01,0.27369967103004456
0.05,0.7244253158569336
