epsilon,accuracy
0,0.20175600051879883
0.005,0.23747865855693817
0.01,0.2790988087654114
0.05,0.7359258532524109
