epsilon,accuracy
0,0.1966431736946106
0.005,0.2319832593202591
0.01,0.2722087502479553
0.05,0.7321575284004211
