epsilon,accuracy
0,0.2879450023174286
0.005,0.3124404549598694
0.01,0.3389621376991272
0.05,0.622844398021698
