epsilon,accuracy
0,0.2074010968208313
0.005,0.24156366288661957
0.01,0.2807408273220062
0.05,0.7176685333251953
