epsilon,accuracy
0,0.19635224342346191
0.005,0.2320929318666458
0.01,0.27270743250846863
0.05,0.7361653447151184
