epsilon,accuracy
0,0.20251014828681946
0.005,0.23716245591640472
0.01,0.2771833837032318
0.05,0.7298006415367126
