epsilon,accuracy
0,0.20848004519939423
0.005,0.24263246357440948
0.01,0.28199654817581177
0.05,0.7251060009002686
