epsilon,accuracy
0,0.19815021753311157
0.005,0.23236501216888428
0.01,0.2712860703468323
0.05,0.6879448294639587
