epsilon,accuracy
0,0.19752410054206848
0.005,0.23338747024536133
0.01,0.2747730016708374
0.05,0.7313589453697205
