epsilon,accuracy
0,0.19902387261390686
0.005,0.23483482003211975
0.01,0.276108980178833
0.05,0.7341609001159668
