epsilon,accuracy
0,0.22042225301265717
0.005,0.2537965476512909
0.01,0.2914307713508606
0.05,0.7005801200866699
