epsilon,accuracy
0,0.19643715023994446
0.005,0.2322573959827423
0.01,0.27387335896492004
0.05,0.7606088519096375
