epsilon,accuracy
0,0.19497203826904297
0.005,0.23125402629375458
0.01,0.2732992470264435
0.05,0.7314386963844299
