epsilon,accuracy
0,0.1959492415189743
0.005,0.22983002662658691
0.01,0.2694714665412903
0.05,0.7348748445510864
