epsilon,accuracy
0,0.1956496685743332
0.005,0.23048743605613708
0.01,0.27130743861198425
0.05,0.7449814677238464
