epsilon,accuracy
0,0.1952020525932312
0.005,0.23133650422096252
0.01,0.2733222246170044
0.05,0.7381864190101624
