epsilon,accuracy
0,0.20020347833633423
0.005,0.23427458107471466
0.01,0.2738574147224426
0.05,0.7189443111419678
