epsilon,accuracy
0,0.1928400844335556
0.005,0.22883287072181702
0.01,0.27195578813552856
0.05,0.7807961106300354
