epsilon,accuracy
0,0.19672182202339172
0.005,0.2307988554239273
0.01,0.2702410817146301
0.05,0.7138561606407166
