epsilon,accuracy
0,0.19333580136299133
0.005,0.2303379625082016
0.01,0.2726970314979553
0.05,0.733139157295227
