epsilon,accuracy
0,0.19613835215568542
0.005,0.230564683675766
0.01,0.2705996632575989
0.05,0.7316333651542664
