epsilon,accuracy
0,0.20975247025489807
0.005,0.24296307563781738
0.01,0.28046390414237976
0.05,0.7144025564193726
