epsilon,accuracy
0,0.20448876917362213
0.005,0.2395862489938736
0.01,0.2794565260410309
0.05,0.7300558090209961
