epsilon,accuracy
0,0.20765019953250885
0.005,0.242379292845726
0.01,0.2827390134334564
0.05,0.7393896579742432
