epsilon,accuracy
0,0.1994045525789261
0.005,0.23418988287448883
0.01,0.2743470072746277
0.05,0.7136661410331726
