epsilon,accuracy
0,0.19820313155651093
0.005,0.23372280597686768
0.01,0.27466249465942383
0.05,0.7582882642745972
