epsilon,accuracy
0,0.19723330438137054
0.005,0.23301944136619568
0.01,0.27382799983024597
0.05,0.7474629878997803
