epsilon,accuracy
0,0.19578321278095245
0.005,0.23169714212417603
0.01,0.2744140923023224
0.05,0.7864126563072205
