epsilon,accuracy
0,0.20274251699447632
0.005,0.23648403584957123
0.01,0.2754670977592468
0.05,0.7159022688865662
