epsilon,accuracy
0,0.1950983703136444
0.005,0.2303600162267685
0.01,0.2709101140499115
0.05,0.7490777373313904
