epsilon,accuracy
0,0.19448155164718628
0.005,0.22939081490039825
0.01,0.27009308338165283
0.05,0.7560073733329773
