epsilon,accuracy
0,0.19690385460853577
0.005,0.23083460330963135
0.01,0.2695930600166321
0.05,0.7135910987854004
