epsilon,accuracy
0,0.31126922369003296
0.005,0.3350016474723816
0.01,0.3605188727378845
0.05,0.6236759424209595
