epsilon,accuracy
0,0.2078896462917328
0.005,0.24207988381385803
0.01,0.2815757095813751
0.05,0.7411339282989502
