epsilon,accuracy
0,0.19901883602142334
0.005,0.2339751273393631
0.01,0.2741251587867737
0.05,0.731597900390625
