epsilon,accuracy
0,0.19598305225372314
0.005,0.2300843745470047
0.01,0.26961952447891235
0.05,0.7118161916732788
