epsilon,accuracy
0,0.2147567868232727
0.005,0.24684229493141174
0.01,0.28393685817718506
0.05,0.7098793983459473
