epsilon,accuracy
0,0.19718177616596222
0.005,0.23151536285877228
0.01,0.27034759521484375
0.05,0.7021243572235107
