epsilon,accuracy
0,0.19854478538036346
0.005,0.23249293863773346
0.01,0.2725142240524292
0.05,0.7429816722869873
