epsilon,accuracy
0,0.2007853239774704
0.005,0.23576821386814117
0.01,0.2763652801513672
0.05,0.7029732465744019
