epsilon,accuracy
0,0.2138851135969162
0.005,0.246402770280838
0.01,0.2846944034099579
0.05,0.7200919985771179
