epsilon,accuracy
0,0.19970561563968658
0.005,0.23291464149951935
0.01,0.2711522579193115
0.05,0.7155823707580566
