epsilon,accuracy
0,0.1981479674577713
0.005,0.23213906586170197
0.01,0.27200809121131897
0.05,0.7221769094467163
