epsilon,accuracy
0,0.20064455270767212
0.005,0.23521888256072998
0.01,0.2751797139644623
0.05,0.7103238105773926
