epsilon,accuracy
0,0.2115471065044403
0.005,0.2453056126832962
0.01,0.2832113206386566
0.05,0.7219719886779785
