epsilon,accuracy
0,0.1996142864227295
0.005,0.2351309061050415
0.01,0.27619466185569763
0.05,0.7361100316047668
