epsilon,accuracy
0,0.21038304269313812
0.005,0.24284449219703674
0.01,0.28000563383102417
0.05,0.721725583076477
