epsilon,accuracy
0,0.19013668596744537
0.005,0.22693949937820435
0.01,0.2693014144897461
0.05,0.7454853653907776
