epsilon,accuracy
0,0.20705538988113403
0.005,0.241683229804039
0.01,0.2806941568851471
0.05,0.7070727944374084
