epsilon,accuracy
0,0.20236603915691376
0.005,0.23580509424209595
0.01,0.2740256190299988
0.05,0.6766670942306519
