epsilon,accuracy
0,0.19918687641620636
0.005,0.23528428375720978
0.01,0.27780681848526
0.05,0.7688897848129272
