epsilon,accuracy
0,0.21676170825958252
0.005,0.24808844923973083
0.01,0.2843253016471863
0.05,0.7106507420539856
