epsilon,accuracy
0,0.20058080554008484
0.005,0.23604252934455872
0.01,0.27755916118621826
0.05,0.7342219352722168
