epsilon,accuracy
0,0.19164012372493744
0.005,0.2277648150920868
0.01,0.27034056186676025
0.05,0.7641410827636719
