epsilon,accuracy
0,0.19323033094406128
0.005,0.22790348529815674
0.01,0.26853007078170776
0.05,0.7119192481040955
