epsilon,accuracy
0,0.19945180416107178
0.005,0.2368323802947998
0.01,0.2794390618801117
0.05,0.7372937202453613
