epsilon,accuracy
0,0.19697251915931702
0.005,0.23184272646903992
0.01,0.2716263234615326
0.05,0.7053113579750061
