epsilon,accuracy
0,0.2007199376821518
0.005,0.234704852104187
0.01,0.27385178208351135
0.05,0.7018187642097473
