epsilon,accuracy
0,0.20326755940914154
0.005,0.2369586080312729
0.01,0.27552032470703125
0.05,0.7123265266418457
