epsilon,accuracy
0,0.19639241695404053
0.005,0.23214559257030487
0.01,0.27433404326438904
0.05,0.7502961754798889
