epsilon,accuracy
0,0.19680781662464142
0.005,0.23094935715198517
0.01,0.27043870091438293
0.05,0.6978070735931396
