epsilon,accuracy
0,0.2006087452173233
0.005,0.23670312762260437
0.01,0.27814432978630066
0.05,0.7344054579734802
