epsilon,accuracy
0,0.19776372611522675
0.005,0.2337806522846222
0.01,0.27564936876296997
0.05,0.7517232894897461
