epsilon,accuracy
0,0.1972634345293045
0.005,0.23211373388767242
0.01,0.2723543643951416
0.05,0.7038685083389282
