epsilon,accuracy
0,0.19262485206127167
0.005,0.22871410846710205
0.01,0.27192917466163635
0.05,0.7838366627693176
