epsilon,accuracy
0,0.1930602341890335
0.005,0.22735778987407684
0.01,0.267099529504776
0.05,0.7060631513595581
