epsilon,accuracy
0,0.19469471275806427
0.005,0.22922401130199432
0.01,0.26931342482566833
0.05,0.7066205739974976
