epsilon,accuracy
0,0.20378480851650238
0.005,0.2394505888223648
0.01,0.28063419461250305
0.05,0.7445299625396729
