epsilon,accuracy
0,0.19919778406620026
0.005,0.23524793982505798
0.01,0.2763447165489197
0.05,0.7360349893569946
