epsilon,accuracy
0,0.1980053037405014
0.005,0.23232223093509674
0.01,0.2711707353591919
0.05,0.7093126773834229
