epsilon,accuracy
0,0.20556329190731049
0.005,0.24085019528865814
0.01,0.280885249376297
0.05,0.7265437841415405
