epsilon,accuracy
0,0.193014457821846
0.005,0.22803674638271332
0.01,0.26758041977882385
0.05,0.7196993231773376
