epsilon,accuracy
0,0.23744603991508484
0.005,0.2677419185638428
0.01,0.30164188146591187
0.05,0.7022800445556641
