epsilon,accuracy
0,0.20152652263641357
0.005,0.23519888520240784
0.01,0.27446693181991577
0.05,0.713757336139679
