epsilon,accuracy
0,0.20019610226154327
0.005,0.2356288880109787
0.01,0.2768842577934265
0.05,0.7318883538246155
