epsilon,accuracy
0,0.19363856315612793
0.005,0.229238361120224
0.01,0.2705415189266205
0.05,0.7522276639938354
