epsilon,accuracy
0,0.19341707229614258
0.005,0.22871537506580353
0.01,0.2709321081638336
0.05,0.7842578887939453
