epsilon,accuracy
0,0.20425660908222198
0.005,0.23877963423728943
0.01,0.2782895863056183
0.05,0.712554931640625
