epsilon,accuracy
0,0.20234055817127228
0.005,0.23672032356262207
0.01,0.27657902240753174
0.05,0.7205501198768616
