epsilon,accuracy
0,0.19863948225975037
0.005,0.23327943682670593
0.01,0.27296382188796997
0.05,0.7203841209411621
