epsilon,accuracy
0,0.20326001942157745
0.005,0.23839622735977173
0.01,0.2779630124568939
0.05,0.7127233743667603
