epsilon,accuracy
0,0.19649048149585724
0.005,0.23135168850421906
0.01,0.2720709443092346
0.05,0.7494416832923889
