epsilon,accuracy
0,0.22358280420303345
0.005,0.2545432448387146
0.01,0.28977271914482117
0.05,0.699317991733551
