epsilon,accuracy
0,0.2406533658504486
0.005,0.2706301212310791
0.01,0.30388143658638
0.05,0.6934816837310791
