epsilon,accuracy
0,0.20081980526447296
0.005,0.23520366847515106
0.01,0.27475693821907043
0.05,0.7137517333030701
