epsilon,accuracy
0,0.20893310010433197
0.005,0.24343723058700562
0.01,0.28306156396865845
0.05,0.728974461555481
