epsilon,accuracy
0,0.20356279611587524
0.005,0.2373790144920349
0.01,0.2759387493133545
0.05,0.7036167979240417
