epsilon,accuracy
0,0.19983552396297455
0.005,0.23441636562347412
0.01,0.2753133177757263
0.05,0.7289813160896301
