epsilon,accuracy
0,0.22409528493881226
0.005,0.25441664457321167
0.01,0.28919023275375366
0.05,0.6956307291984558
