epsilon,accuracy
0,0.1988864541053772
0.005,0.2338820993900299
0.01,0.2744487226009369
0.05,0.7096022963523865
