epsilon,accuracy
0,0.1956118643283844
0.005,0.23119564354419708
0.01,0.27199456095695496
0.05,0.7212079763412476
