epsilon,accuracy
0,0.19585467875003815
0.005,0.2314533293247223
0.01,0.27284154295921326
0.05,0.7493140697479248
