epsilon,accuracy
0,0.1948288232088089
0.005,0.2301793098449707
0.01,0.26958638429641724
0.05,0.7191771268844604
