epsilon,accuracy
0,0.2012573480606079
0.005,0.23621563613414764
0.01,0.27601704001426697
0.05,0.7125040888786316
