epsilon,accuracy
0,0.19650812447071075
0.005,0.23132891952991486
0.01,0.2712323069572449
0.05,0.7154959440231323
