epsilon,accuracy
0,0.1963568925857544
0.005,0.2314014434814453
0.01,0.272816926240921
0.05,0.747541069984436
