epsilon,accuracy
0,0.19427168369293213
0.005,0.22999143600463867
0.01,0.2719874083995819
0.05,0.7634727358818054
