epsilon,accuracy
0,0.1994117647409439
0.005,0.23441709578037262
0.01,0.27430176734924316
0.05,0.7065261602401733
