epsilon,accuracy
0,0.20235837996006012
0.005,0.2370709776878357
0.01,0.2767701745033264
0.05,0.7190719842910767
