epsilon,accuracy
0,0.19538840651512146
0.005,0.23099136352539062
0.01,0.2727106511592865
0.05,0.7287635803222656
