epsilon,accuracy
0,0.20186692476272583
0.005,0.23642829060554504
0.01,0.2754611074924469
0.05,0.7069043517112732
