epsilon,accuracy
0,0.19506537914276123
0.005,0.23043081164360046
0.01,0.27126601338386536
0.05,0.7175043225288391
