epsilon,accuracy
0,0.20008812844753265
0.005,0.23410187661647797
0.01,0.27310001850128174
0.05,0.7049462199211121
