epsilon,accuracy
0,0.19772249460220337
0.005,0.23263470828533173
0.01,0.27345746755599976
0.05,0.7529927492141724
