epsilon,accuracy
0,0.1966000497341156
0.005,0.23231960833072662
0.01,0.2730082869529724
0.05,0.7180717587471008
