epsilon,accuracy
0,0.19653041660785675
0.005,0.23255953192710876
0.01,0.273888498544693
0.05,0.7511819005012512
