epsilon,accuracy
0,0.20119735598564148
0.005,0.23623497784137726
0.01,0.276204913854599
0.05,0.7188076376914978
