epsilon,accuracy
0,0.19245018064975739
0.005,0.22764959931373596
0.01,0.26905083656311035
0.05,0.7491462230682373
