epsilon,accuracy
0,0.19860991835594177
0.005,0.23312397301197052
0.01,0.2737202048301697
0.05,0.6973926424980164
