epsilon,accuracy
0,0.1969282329082489
0.005,0.2332313507795334
0.01,0.27564021944999695
0.05,0.7682884931564331
