epsilon,accuracy
0,0.20488694310188293
0.005,0.24037374556064606
0.01,0.2809517979621887
0.05,0.7071484923362732
