epsilon,accuracy
0,0.22015132009983063
0.005,0.25164997577667236
0.01,0.28815820813179016
0.05,0.6964794397354126
