epsilon,accuracy
0,0.19396549463272095
0.005,0.2295679748058319
0.01,0.27192047238349915
0.05,0.7758408188819885
