epsilon,accuracy
0,0.1983536183834076
0.005,0.23181889951229095
0.01,0.27001601457595825
0.05,0.7179418802261353
