epsilon,accuracy
0,0.1916632503271103
0.005,0.22831037640571594
0.01,0.27045053243637085
0.05,0.7310030460357666
