epsilon,accuracy
0,0.20044034719467163
0.005,0.23405957221984863
0.01,0.27314162254333496
0.05,0.7253040671348572
