epsilon,accuracy
0,0.19664253294467926
0.005,0.23196174204349518
0.01,0.27224788069725037
0.05,0.7230355739593506
