epsilon,accuracy
0,0.19638995826244354
0.005,0.2300710380077362
0.01,0.26821184158325195
0.05,0.705352783203125
