epsilon,accuracy
0,0.1954779028892517
0.005,0.23095081746578217
0.01,0.27303802967071533
0.05,0.7610984444618225
