epsilon,accuracy
0,0.19615969061851501
0.005,0.23348259925842285
0.01,0.276818186044693
0.05,0.7376936078071594
