epsilon,accuracy
0,0.20036020874977112
0.005,0.23512926697731018
0.01,0.27516284584999084
0.05,0.7273651957511902
