epsilon,accuracy
0,0.2113693505525589
0.005,0.24451392889022827
0.01,0.2821599245071411
0.05,0.698227047920227
