epsilon,accuracy
0,0.23301182687282562
0.005,0.26343706250190735
0.01,0.297712504863739
0.05,0.7108975052833557
