epsilon,accuracy
0,0.2166377454996109
0.005,0.24914929270744324
0.01,0.2863171696662903
0.05,0.7139512896537781
