epsilon,accuracy
0,0.19681645929813385
0.005,0.23094524443149567
0.01,0.26956892013549805
0.05,0.7013333439826965
