epsilon,accuracy
0,0.19640883803367615
0.005,0.23204487562179565
0.01,0.27294212579727173
0.05,0.7260597944259644
