epsilon,accuracy
0,0.20217759907245636
0.005,0.23740488290786743
0.01,0.2782813310623169
0.05,0.7797349691390991
