epsilon,accuracy
0,0.20045456290245056
0.005,0.23448558151721954
0.01,0.27355441451072693
0.05,0.7359618544578552
