epsilon,accuracy
0,0.19737045466899872
0.005,0.2326357066631317
0.01,0.2722645103931427
0.05,0.699070394039154
