epsilon,accuracy
0,0.20652008056640625
0.005,0.23942799866199493
0.01,0.27689993381500244
0.05,0.7228106260299683
