epsilon,accuracy
0,0.20500077307224274
0.005,0.2394249439239502
0.01,0.27914711833000183
0.05,0.7183247804641724
