epsilon,accuracy
0,0.20020988583564758
0.005,0.23469670116901398
0.01,0.2754303514957428
0.05,0.7381695508956909
