epsilon,accuracy
0,0.19667252898216248
0.005,0.23174357414245605
0.01,0.2728487551212311
0.05,0.7483340501785278
