epsilon,accuracy
0,0.19659018516540527
0.005,0.2315257340669632
0.01,0.272431880235672
0.05,0.7250234484672546
