epsilon,accuracy
0,0.2001086175441742
0.005,0.23541809618473053
0.01,0.27638480067253113
0.05,0.7099335193634033
