epsilon,accuracy
0,0.19629359245300293
0.005,0.22994405031204224
0.01,0.2685481309890747
0.05,0.7027559280395508
