epsilon,accuracy
0,0.2016637921333313
0.005,0.23596873879432678
0.01,0.27605801820755005
0.05,0.7265884280204773
