epsilon,accuracy
0,0.201073557138443
0.005,0.23527970910072327
0.01,0.274013876914978
0.05,0.7189067006111145
