epsilon,accuracy
0,0.20663167536258698
0.005,0.24066200852394104
0.01,0.2788042724132538
0.05,0.7244641184806824
