epsilon,accuracy
0,0.1970442533493042
0.005,0.23330417275428772
0.01,0.27550050616264343
0.05,0.7482988238334656
