epsilon,accuracy
0,0.19886824488639832
0.005,0.23281849920749664
0.01,0.27175140380859375
0.05,0.7093372344970703
