epsilon,accuracy
0,0.20311054587364197
0.005,0.2376583367586136
0.01,0.27704188227653503
0.05,0.7077186107635498
