epsilon,accuracy
0,0.1996050924062729
0.005,0.23514656722545624
0.01,0.2757705748081207
0.05,0.7214317321777344
