epsilon,accuracy
0,0.19711291790008545
0.005,0.23117947578430176
0.01,0.2706524431705475
0.05,0.7028800845146179
