epsilon,accuracy
0,0.2037612944841385
0.005,0.238807812333107
0.01,0.27927449345588684
0.05,0.7344215512275696
