epsilon,accuracy
0,0.19926828145980835
0.005,0.2350991666316986
0.01,0.276283323764801
0.05,0.7342444062232971
