epsilon,accuracy
0,0.1973990797996521
0.005,0.23211295902729034
0.01,0.2717692255973816
0.05,0.7071914076805115
