epsilon,accuracy
0,0.19569045305252075
0.005,0.23082327842712402
0.01,0.2714169919490814
0.05,0.722154974937439
