epsilon,accuracy
0,0.2018364667892456
0.005,0.23774701356887817
0.01,0.2795345187187195
0.05,0.7646763324737549
