epsilon,accuracy
0,0.19258347153663635
0.005,0.2274457812309265
0.01,0.26751211285591125
0.05,0.7120245099067688
