epsilon,accuracy
0,0.2000117152929306
0.005,0.23524168133735657
0.01,0.27529677748680115
0.05,0.7119699716567993
