epsilon,accuracy
0,0.20098267495632172
0.005,0.23508568108081818
0.01,0.2736567258834839
0.05,0.7231054902076721
