epsilon,accuracy
0,0.23235997557640076
0.005,0.2633746266365051
0.01,0.2985571622848511
0.05,0.7184607982635498
