epsilon,accuracy
0,0.19264797866344452
0.005,0.2283833920955658
0.01,0.2712046205997467
0.05,0.7726876735687256
