epsilon,accuracy
0,0.1974180042743683
0.005,0.23244048655033112
0.01,0.2722245156764984
0.05,0.7073854804039001
