epsilon,accuracy
0,0.19722336530685425
0.005,0.2320299744606018
0.01,0.2707459330558777
0.05,0.7060233354568481
