epsilon,accuracy
0,0.20855769515037537
0.005,0.24112005531787872
0.01,0.2788473963737488
0.05,0.7196976542472839
