epsilon,accuracy
0,0.21775773167610168
0.005,0.24931010603904724
0.01,0.28640076518058777
0.05,0.6984896659851074
