epsilon,accuracy
0,0.1938461810350418
0.005,0.22900301218032837
0.01,0.26971328258514404
0.05,0.7282997965812683
