epsilon,accuracy
0,0.20161083340644836
0.005,0.23572486639022827
0.01,0.2745080590248108
0.05,0.7171627283096313
