epsilon,accuracy
0,0.1967020481824875
0.005,0.23045887053012848
0.01,0.2701830565929413
0.05,0.7075994610786438
