epsilon,accuracy
0,0.20800508558750153
0.005,0.24067051708698273
0.01,0.27815133333206177
0.05,0.6966861486434937
