epsilon,accuracy
0,0.19893580675125122
0.005,0.23192864656448364
0.01,0.26997441053390503
0.05,0.7136204242706299
