epsilon,accuracy
0,0.19526666402816772
0.005,0.23100422322750092
0.01,0.27256184816360474
0.05,0.7440256476402283
