epsilon,accuracy
0,0.1987134963274002
0.005,0.23206950724124908
0.01,0.27138105034828186
0.05,0.7066464424133301
