epsilon,accuracy
0,0.20529237389564514
0.005,0.23854286968708038
0.01,0.2761249244213104
0.05,0.701598584651947
