epsilon,accuracy
0,0.2006647139787674
0.005,0.23535190522670746
0.01,0.2744889259338379
0.05,0.7130450010299683
