epsilon,accuracy
0,0.20538631081581116
0.005,0.23964537680149078
0.01,0.27930450439453125
0.05,0.7325053811073303
