epsilon,accuracy
0,0.19507542252540588
0.005,0.23011215031147003
0.01,0.27074792981147766
0.05,0.7118701934814453
