epsilon,accuracy
0,0.19113744795322418
0.005,0.22690768539905548
0.01,0.2685803472995758
0.05,0.743790864944458
