epsilon,accuracy
0,0.19902364909648895
0.005,0.2327912598848343
0.01,0.27181991934776306
0.05,0.7324715852737427
