epsilon,accuracy
0,0.19999508559703827
0.005,0.2336553931236267
0.01,0.2723498046398163
0.05,0.7062344551086426
