epsilon,accuracy
0,0.20119385421276093
0.005,0.23577743768692017
0.01,0.27489787340164185
0.05,0.7229687571525574
