epsilon,accuracy
0,0.19394397735595703
0.005,0.2299233376979828
0.01,0.2725428342819214
0.05,0.7575162053108215
