epsilon,accuracy
0,0.19635693728923798
0.005,0.23141810297966003
0.01,0.2708356976509094
0.05,0.7098461389541626
