epsilon,accuracy
0,0.19825664162635803
0.005,0.23095417022705078
0.01,0.2695542871952057
0.05,0.7025975584983826
