epsilon,accuracy
0,0.1986902505159378
0.005,0.2329455018043518
0.01,0.2726092040538788
0.05,0.7158429026603699
