epsilon,accuracy
0,0.19758984446525574
0.005,0.23320601880550385
0.01,0.2743197977542877
0.05,0.7340031266212463
