epsilon,accuracy
0,0.2205294519662857
0.005,0.25201722979545593
0.01,0.28781238198280334
0.05,0.700313150882721
