epsilon,accuracy
0,0.21711784601211548
0.005,0.2497199922800064
0.01,0.28673961758613586
0.05,0.7341066002845764
