epsilon,accuracy
0,0.21594282984733582
0.005,0.24870388209819794
0.01,0.2864508628845215
0.05,0.7031364440917969
