epsilon,accuracy
0,0.19620046019554138
0.005,0.23059752583503723
0.01,0.27037954330444336
0.05,0.7025555372238159
