epsilon,accuracy
0,0.19392254948616028
0.005,0.22885724902153015
0.01,0.26919111609458923
0.05,0.7074057459831238
