epsilon,accuracy
0,0.19590307772159576
0.005,0.2309957891702652
0.01,0.2722721993923187
0.05,0.7465490102767944
