epsilon,accuracy
0,0.19887809455394745
0.005,0.23465563356876373
0.01,0.2765999436378479
0.05,0.7558091878890991
