epsilon,accuracy
0,0.19626127183437347
0.005,0.23104353249073029
0.01,0.2706589698791504
0.05,0.7138374447822571
