epsilon,accuracy
0,0.1943821907043457
0.005,0.22993363440036774
0.01,0.27207493782043457
0.05,0.7740017175674438
