epsilon,accuracy
0,0.19772742688655853
0.005,0.23333294689655304
0.01,0.274609237909317
0.05,0.7369741201400757
