epsilon,accuracy
0,0.19755467772483826
0.005,0.2319553643465042
0.01,0.2710644602775574
0.05,0.6921199560165405
