epsilon,accuracy
0,0.20333772897720337
0.005,0.2397676557302475
0.01,0.2808344066143036
0.05,0.7298210263252258
