epsilon,accuracy
0,0.19820818305015564
0.005,0.23311233520507812
0.01,0.2728005051612854
0.05,0.6977826356887817
