epsilon,accuracy
0,0.20119839906692505
0.005,0.23678895831108093
0.01,0.27756109833717346
0.05,0.7453557848930359
