epsilon,accuracy
0,0.20719438791275024
0.005,0.23905687034130096
0.01,0.27528953552246094
0.05,0.7126904726028442
