epsilon,accuracy
0,0.19633817672729492
0.005,0.23193784058094025
0.01,0.2733324468135834
0.05,0.7603785991668701
