epsilon,accuracy
0,0.2219129204750061
0.005,0.25328296422958374
0.01,0.28977465629577637
0.05,0.7041125893592834
