epsilon,accuracy
0,0.19755800068378448
0.005,0.23140215873718262
0.01,0.26983439922332764
0.05,0.7079054713249207
