epsilon,accuracy
0,0.1959078013896942
0.005,0.23231801390647888
0.01,0.2752760648727417
0.05,0.725301206111908
