epsilon,accuracy
0,0.19616007804870605
0.005,0.2314411997795105
0.01,0.2726851999759674
0.05,0.7480188608169556
