epsilon,accuracy
0,0.20266537368297577
0.005,0.2380942404270172
0.01,0.2780899107456207
0.05,0.7247404456138611
