epsilon,accuracy
0,0.2008717656135559
0.005,0.23382936418056488
0.01,0.2714567184448242
0.05,0.6826298236846924
