epsilon,accuracy
0,0.19886726140975952
0.005,0.2352226823568344
0.01,0.27780967950820923
0.05,0.7556028366088867
