epsilon,accuracy
0,0.1950606405735016
0.005,0.2301279455423355
0.01,0.27077969908714294
0.05,0.7481904029846191
