epsilon,accuracy
0,0.25269243121147156
0.005,0.282468318939209
0.01,0.31607651710510254
0.05,0.7002808451652527
