epsilon,accuracy
0,0.21127773821353912
0.005,0.2451981008052826
0.01,0.28515657782554626
0.05,0.7560809850692749
