epsilon,accuracy
0,0.1951851099729538
0.005,0.231903538107872
0.01,0.2740011215209961
0.05,0.7399558424949646
