epsilon,accuracy
0,0.20149832963943481
0.005,0.23722946643829346
0.01,0.2772616147994995
0.05,0.7207682728767395
