epsilon,accuracy
0,0.19607818126678467
0.005,0.23117008805274963
0.01,0.27203619480133057
0.05,0.7183578610420227
