epsilon,accuracy
0,0.21156856417655945
0.005,0.24386395514011383
0.01,0.2812698781490326
0.05,0.7188719511032104
