epsilon,accuracy
0,0.1959199458360672
0.005,0.2312067449092865
0.01,0.2729242146015167
0.05,0.7346593737602234
