epsilon,accuracy
0,0.2055869847536087
0.005,0.24053999781608582
0.01,0.28032252192497253
0.05,0.7357821464538574
