epsilon,accuracy
0,0.1950026899576187
0.005,0.231100931763649
0.01,0.27421000599861145
0.05,0.7313993573188782
