epsilon,accuracy
0,0.19876714050769806
0.005,0.23317760229110718
0.01,0.27365052700042725
0.05,0.7374681234359741
