epsilon,accuracy
0,0.2003757357597351
0.005,0.23640358448028564
0.01,0.27787163853645325
0.05,0.7419847249984741
