epsilon,accuracy
0,0.20904529094696045
0.005,0.2428993284702301
0.01,0.28196367621421814
0.05,0.7487097382545471
