epsilon,accuracy
0,0.20714668929576874
0.005,0.24028347432613373
0.01,0.2778492271900177
0.05,0.7145432829856873
