epsilon,accuracy
0,0.2010926604270935
0.005,0.23701556026935577
0.01,0.27763476967811584
0.05,0.7381439208984375
