epsilon,accuracy
0,0.19463513791561127
0.005,0.23087580502033234
0.01,0.27257609367370605
0.05,0.7257513999938965
