epsilon,accuracy
0,0.2005639672279358
0.005,0.23606324195861816
0.01,0.2773658335208893
0.05,0.7446839809417725
