epsilon,accuracy
0,0.1905311495065689
0.005,0.22666779160499573
0.01,0.2682894468307495
0.05,0.7383767366409302
