epsilon,accuracy
0,0.19981855154037476
0.005,0.23560701310634613
0.01,0.2766183018684387
0.05,0.7341159582138062
