epsilon,accuracy
0,0.19955658912658691
0.005,0.23518992960453033
0.01,0.27616870403289795
0.05,0.7377566695213318
