epsilon,accuracy
0,0.19599130749702454
0.005,0.231229767203331
0.01,0.27137887477874756
0.05,0.6964991092681885
