epsilon,accuracy
0,0.20170626044273376
0.005,0.237350195646286
0.01,0.2786630094051361
0.05,0.7539089322090149
