epsilon,accuracy
0,0.19571678340435028
0.005,0.23056696355342865
0.01,0.27138984203338623
0.05,0.7542099952697754
