epsilon,accuracy
0,0.19629257917404175
0.005,0.23107469081878662
0.01,0.2721053957939148
0.05,0.7481934428215027
