epsilon,accuracy
0,0.20192058384418488
0.005,0.23414792120456696
0.01,0.2712439000606537
0.05,0.6915006637573242
