epsilon,accuracy
0,0.20218399167060852
0.005,0.2359170913696289
0.01,0.2748439610004425
0.05,0.7112019658088684
