epsilon,accuracy
0,0.20487838983535767
0.005,0.23982499539852142
0.01,0.27978986501693726
0.05,0.7170310020446777
