epsilon,accuracy
0,0.19761492311954498
0.005,0.2319750189781189
0.01,0.2714787721633911
0.05,0.7009163498878479
