epsilon,accuracy
0,0.19592268764972687
0.005,0.23176296055316925
0.01,0.2737419009208679
0.05,0.7747729420661926
