epsilon,accuracy
0,0.19460810720920563
0.005,0.23068290948867798
0.01,0.27298206090927124
0.05,0.738680362701416
