epsilon,accuracy
0,0.1966099739074707
0.005,0.23216697573661804
0.01,0.2737731337547302
0.05,0.7024053335189819
