epsilon,accuracy
0,0.19782410562038422
0.005,0.23302143812179565
0.01,0.273257315158844
0.05,0.6834089159965515
