epsilon,accuracy
0,0.19678965210914612
0.005,0.23146392405033112
0.01,0.27190521359443665
0.05,0.7327027916908264
