epsilon,accuracy
0,0.20575320720672607
0.005,0.23955920338630676
0.01,0.2779899537563324
0.05,0.7123433351516724
