epsilon,accuracy
0,0.19825606048107147
0.005,0.2337842583656311
0.01,0.2747790813446045
0.05,0.7529591917991638
