epsilon,accuracy
0,0.21264462172985077
0.005,0.24528822302818298
0.01,0.2831669747829437
0.05,0.7317330241203308
