epsilon,accuracy
0,0.23018451035022736
0.005,0.2618144750595093
0.01,0.2977786064147949
0.05,0.693934977054596
