epsilon,accuracy
0,0.19732408225536346
0.005,0.2326802909374237
0.01,0.2725921869277954
0.05,0.7131307721138
