epsilon,accuracy
0,0.21709120273590088
0.005,0.24911898374557495
0.01,0.2858733534812927
0.05,0.7212668657302856
