epsilon,accuracy
0,0.19797581434249878
0.005,0.23163090646266937
0.01,0.2701578438282013
0.05,0.7213522791862488
