epsilon,accuracy
0,0.20201922953128815
0.005,0.23775410652160645
0.01,0.2793450951576233
0.05,0.7582789659500122
