epsilon,accuracy
0,0.203600212931633
0.005,0.23728786408901215
0.01,0.27612483501434326
0.05,0.7174741625785828
