epsilon,accuracy
0,0.21011528372764587
0.005,0.24170270562171936
0.01,0.27744725346565247
0.05,0.6931160688400269
