epsilon,accuracy
0,0.19729886949062347
0.005,0.23330724239349365
0.01,0.27491387724876404
0.05,0.7434579730033875
