epsilon,accuracy
0,0.20485320687294006
0.005,0.23911699652671814
0.01,0.2766081988811493
0.05,0.7167966961860657
