epsilon,accuracy
0,0.2110934555530548
0.005,0.24385595321655273
0.01,0.28166311979293823
0.05,0.7095770239830017
