epsilon,accuracy
0,0.20538586378097534
0.005,0.23801958560943604
0.01,0.27589917182922363
0.05,0.7276914715766907
