epsilon,accuracy
0,0.20323915779590607
0.005,0.23756858706474304
0.01,0.27676719427108765
0.05,0.7216947078704834
