epsilon,accuracy
0,0.2006567418575287
0.005,0.2367781698703766
0.01,0.27856674790382385
0.05,0.7666699290275574
