epsilon,accuracy
0,0.2124910205602646
0.005,0.24499666690826416
0.01,0.2812689542770386
0.05,0.7054246664047241
