epsilon,accuracy
0,0.1923658698797226
0.005,0.2295263409614563
0.01,0.2726161777973175
0.05,0.7578842043876648
