epsilon,accuracy
0,0.20823387801647186
0.005,0.2417234182357788
0.01,0.2802007496356964
0.05,0.7150078415870667
