epsilon,accuracy
0,0.19964218139648438
0.005,0.23367859423160553
0.01,0.2724708020687103
0.05,0.7116616368293762
