epsilon,accuracy
0,0.19999676942825317
0.005,0.2346464991569519
0.01,0.274700790643692
0.05,0.7019520998001099
