epsilon,accuracy
0,0.21056482195854187
0.005,0.24304041266441345
0.01,0.28008487820625305
0.05,0.6839795708656311
