epsilon,accuracy
0,0.19327133893966675
0.005,0.23037566244602203
0.01,0.27374714612960815
0.05,0.7426247000694275
