epsilon,accuracy
0,0.1941666454076767
0.005,0.23015375435352325
0.01,0.272928386926651
0.05,0.7862492799758911
