epsilon,accuracy
0,0.20084813237190247
0.005,0.236162006855011
0.01,0.2766769230365753
0.05,0.7233844995498657
