epsilon,accuracy
0,0.19796404242515564
0.005,0.2329244762659073
0.01,0.2734317183494568
0.05,0.7269903421401978
