epsilon,accuracy
0,0.1956643909215927
0.005,0.22994855046272278
0.01,0.26985836029052734
0.05,0.7057908177375793
