epsilon,accuracy
0,0.1937192976474762
0.005,0.2297825664281845
0.01,0.27231237292289734
0.05,0.7759895920753479
