epsilon,accuracy
0,0.1980012208223343
0.005,0.23353435099124908
0.01,0.27510085701942444
0.05,0.7643501162528992
