epsilon,accuracy
0,0.19728316366672516
0.005,0.232688769698143
0.01,0.2737211287021637
0.05,0.728845477104187
