epsilon,accuracy
0,0.19672438502311707
0.005,0.2314722239971161
0.01,0.27142512798309326
0.05,0.7087658047676086
