epsilon,accuracy
0,0.19589461386203766
0.005,0.23108172416687012
0.01,0.2722948491573334
0.05,0.7519344091415405
