epsilon,accuracy
0,0.19146910309791565
0.005,0.22739462554454803
0.01,0.26847416162490845
0.05,0.734194815158844
