epsilon,accuracy
0,0.20314396917819977
0.005,0.23778599500656128
0.01,0.2779495418071747
0.05,0.7278521656990051
