epsilon,accuracy
0,0.20172502100467682
0.005,0.23740720748901367
0.01,0.2784692347049713
0.05,0.7444892525672913
