epsilon,accuracy
0,0.23303182423114777
0.005,0.2641772925853729
0.01,0.29962772130966187
0.05,0.6931471824645996
