epsilon,accuracy
0,0.2129928469657898
0.005,0.24506309628486633
0.01,0.2816195785999298
0.05,0.7066471576690674
