epsilon,accuracy
0,0.26190805435180664
0.005,0.29034581780433655
0.01,0.32183417677879333
0.05,0.6762338280677795
