epsilon,accuracy
0,0.20577822625637054
0.005,0.23996149003505707
0.01,0.27904099225997925
0.05,0.7245044708251953
