epsilon,accuracy
0,0.1989579051733017
0.005,0.23457616567611694
0.01,0.2767467200756073
0.05,0.7585574388504028
