epsilon,accuracy
0,0.1972600668668747
0.005,0.2318662852048874
0.01,0.2709493637084961
0.05,0.7096806168556213
