epsilon,accuracy
0,0.19891344010829926
0.005,0.23385871946811676
0.01,0.27340570092201233
0.05,0.7206954956054688
