epsilon,accuracy
0,0.19867637753486633
0.005,0.23401528596878052
0.01,0.27438250184059143
0.05,0.7227796316146851
