epsilon,accuracy
0,0.18993590772151947
0.005,0.2260725349187851
0.01,0.26757124066352844
0.05,0.7308700680732727
