epsilon,accuracy
0,0.19459016621112823
0.005,0.23159310221672058
0.01,0.27515095472335815
0.05,0.7925364375114441
