epsilon,accuracy
0,0.1952519416809082
0.005,0.23033146560192108
0.01,0.2711648941040039
0.05,0.747414767742157
