epsilon,accuracy
0,0.20296579599380493
0.005,0.23745250701904297
0.01,0.277126669883728
0.05,0.7112698554992676
