epsilon,accuracy
0,0.20349779725074768
0.005,0.23682324588298798
0.01,0.27517110109329224
0.05,0.7192887663841248
