epsilon,accuracy
0,0.2121652215719223
0.005,0.2451450526714325
0.01,0.2822291851043701
0.05,0.7213879823684692
