epsilon,accuracy
0,0.24089914560317993
0.005,0.27185893058776855
0.01,0.30672234296798706
0.05,0.7118813991546631
