epsilon,accuracy
0,0.2000652253627777
0.005,0.23525919020175934
0.01,0.275525838136673
0.05,0.7058600783348083
