epsilon,accuracy
0,0.20951487123966217
0.005,0.2420022338628769
0.01,0.2797693610191345
0.05,0.73702073097229
