epsilon,accuracy
0,0.1992303431034088
0.005,0.23202836513519287
0.01,0.2693045139312744
0.05,0.7039278149604797
