epsilon,accuracy
0,0.19548796117305756
0.005,0.23107996582984924
0.01,0.2724096477031708
0.05,0.7633624076843262
