epsilon,accuracy
0,0.20233693718910217
0.005,0.23803754150867462
0.01,0.27814581990242004
0.05,0.7300399541854858
