epsilon,accuracy
0,0.20198914408683777
0.005,0.23718495666980743
0.01,0.27743932604789734
0.05,0.7052379250526428
