epsilon,accuracy
0,0.2007514238357544
0.005,0.23513264954090118
0.01,0.2750888466835022
0.05,0.7253363132476807
