epsilon,accuracy
0,0.19616931676864624
0.005,0.2317655384540558
0.01,0.27237966656684875
0.05,0.7147173285484314
