epsilon,accuracy
0,0.2658441364765167
0.005,0.2939748764038086
0.01,0.3253338634967804
0.05,0.6870875954627991
