epsilon,accuracy
0,0.19818562269210815
0.005,0.23333598673343658
0.01,0.27384570240974426
0.05,0.7211565971374512
