epsilon,accuracy
0,0.1959025114774704
0.005,0.23056811094284058
0.01,0.27128055691719055
0.05,0.7463023066520691
