epsilon,accuracy
0,0.2007898986339569
0.005,0.23473060131072998
0.01,0.27387717366218567
0.05,0.7339154481887817
