epsilon,accuracy
0,0.19914549589157104
0.005,0.23308272659778595
0.01,0.2719847559928894
0.05,0.6991260051727295
