epsilon,accuracy
0,0.1979120522737503
0.005,0.23347799479961395
0.01,0.27413326501846313
0.05,0.707525372505188
