epsilon,accuracy
0,0.1975725144147873
0.005,0.23346537351608276
0.01,0.27532321214675903
0.05,0.741353452205658
