epsilon,accuracy
0,0.19666488468647003
0.005,0.23152270913124084
0.01,0.2726086676120758
0.05,0.7480549812316895
