epsilon,accuracy
0,0.19703026115894318
0.005,0.231253981590271
0.01,0.27095064520835876
0.05,0.7104071974754333
