epsilon,accuracy
0,0.19717933237552643
0.005,0.23150916397571564
0.01,0.27039799094200134
0.05,0.7016750574111938
