epsilon,accuracy
0,0.19681797921657562
0.005,0.2323548048734665
0.01,0.27199992537498474
0.05,0.7041449546813965
