epsilon,accuracy
0,0.2001296728849411
0.005,0.23613384366035461
0.01,0.27831268310546875
0.05,0.7711477875709534
