epsilon,accuracy
0,0.19712282717227936
0.005,0.23166011273860931
0.01,0.2713261544704437
0.05,0.6915728449821472
