epsilon,accuracy
0,0.20590010285377502
0.005,0.24130994081497192
0.01,0.2826247215270996
0.05,0.7676621079444885
