epsilon,accuracy
0,0.19708988070487976
0.005,0.23277097940444946
0.01,0.27442851662635803
0.05,0.7518453598022461
