epsilon,accuracy
0,0.20629705488681793
0.005,0.24056920409202576
0.01,0.279170423746109
0.05,0.6986709833145142
