epsilon,accuracy
0,0.1969384402036667
0.005,0.2311989665031433
0.01,0.2703602612018585
0.05,0.7152027487754822
