epsilon,accuracy
0,0.2044374644756317
0.005,0.23817192018032074
0.01,0.276206910610199
0.05,0.7092822194099426
