epsilon,accuracy
0,0.19956618547439575
0.005,0.2332800179719925
0.01,0.27238309383392334
0.05,0.6998236775398254
