epsilon,accuracy
0,0.20194710791110992
0.005,0.23612014949321747
0.01,0.274791419506073
0.05,0.7118920683860779
