epsilon,accuracy
0,0.1992189586162567
0.005,0.23425433039665222
0.01,0.27496275305747986
0.05,0.7315385341644287
