epsilon,accuracy
0,0.20883998274803162
0.005,0.24225227534770966
0.01,0.2806415259838104
0.05,0.7325310111045837
