epsilon,accuracy
0,0.19812466204166412
0.005,0.2333226203918457
0.01,0.27394258975982666
0.05,0.7292015552520752
