epsilon,accuracy
0,0.19917547702789307
0.005,0.23276057839393616
0.01,0.2721693515777588
0.05,0.7044873833656311
