epsilon,accuracy
0,0.19753628969192505
0.005,0.23028823733329773
0.01,0.26836785674095154
0.05,0.7026053071022034
