epsilon,accuracy
0,0.19651465117931366
0.005,0.23062913119792938
0.01,0.27003759145736694
0.05,0.7193827629089355
