epsilon,accuracy
0,0.21227344870567322
0.005,0.24473154544830322
0.01,0.2815546691417694
0.05,0.7214181423187256
