epsilon,accuracy
0,0.20012138783931732
0.005,0.23452818393707275
0.01,0.2739889323711395
0.05,0.7255181670188904
