epsilon,accuracy
0,0.20061644911766052
0.005,0.236443892121315
0.01,0.27761948108673096
0.05,0.730782151222229
