epsilon,accuracy
0,0.19935937225818634
0.005,0.23368096351623535
0.01,0.273468554019928
0.05,0.6878072023391724
