epsilon,accuracy
0,0.19837385416030884
0.005,0.23264369368553162
0.01,0.27172690629959106
0.05,0.700702965259552
