epsilon,accuracy
0,0.20001761615276337
0.005,0.23424701392650604
0.01,0.2735573649406433
0.05,0.72646564245224
