epsilon,accuracy
0,0.19255292415618896
0.005,0.22868572175502777
0.01,0.27152401208877563
0.05,0.7824621796607971
