epsilon,accuracy
0,0.2004740983247757
0.005,0.23775550723075867
0.01,0.28016984462738037
0.05,0.7287824749946594
