epsilon,accuracy
0,0.19470947980880737
0.005,0.22969111800193787
0.01,0.2707473933696747
0.05,0.7472826838493347
