epsilon,accuracy
0,0.19982585310935974
0.005,0.23419301211833954
0.01,0.2731284499168396
0.05,0.724577784538269
