epsilon,accuracy
0,0.1924026757478714
0.005,0.22827692329883575
0.01,0.269401490688324
0.05,0.7366268038749695
