epsilon,accuracy
0,0.197285994887352
0.005,0.23131191730499268
0.01,0.27048787474632263
0.05,0.7126178741455078
