epsilon,accuracy
0,0.20161278545856476
0.005,0.23703724145889282
0.01,0.27757352590560913
0.05,0.728134036064148
