epsilon,accuracy
0,0.19805753231048584
0.005,0.23198631405830383
0.01,0.27073392271995544
0.05,0.699705183506012
