epsilon,accuracy
0,0.19540633261203766
0.005,0.23088335990905762
0.01,0.27118203043937683
0.05,0.7123358845710754
