epsilon,accuracy
0,0.20008350908756256
0.005,0.23432162404060364
0.01,0.27351629734039307
0.05,0.7122600078582764
