epsilon,accuracy
0,0.201120063662529
0.005,0.2361356019973755
0.01,0.2753683924674988
0.05,0.7074447274208069
