epsilon,accuracy
0,0.19766001403331757
0.005,0.23259751498699188
0.01,0.2732742726802826
0.05,0.6965662240982056
