epsilon,accuracy
0,0.19861721992492676
0.005,0.23462358117103577
0.01,0.2761659324169159
0.05,0.7408766746520996
