epsilon,accuracy
0,0.20418258011341095
0.005,0.24088172614574432
0.01,0.28209325671195984
0.05,0.7345316410064697
