epsilon,accuracy
0,0.19530904293060303
0.005,0.23073658347129822
0.01,0.2723139822483063
0.05,0.7230653166770935
