epsilon,accuracy
0,0.19790421426296234
0.005,0.2331959754228592
0.01,0.27401894330978394
0.05,0.7342789173126221
