epsilon,accuracy
0,0.2010277509689331
0.005,0.23583360016345978
0.01,0.27546200156211853
0.05,0.7199530601501465
