epsilon,accuracy
0,0.1967138797044754
0.005,0.23143048584461212
0.01,0.2716296315193176
0.05,0.7298522591590881
