epsilon,accuracy
0,0.2039862424135208
0.005,0.23776209354400635
0.01,0.27640387415885925
0.05,0.699769139289856
