epsilon,accuracy
0,0.19444136321544647
0.005,0.2290819138288498
0.01,0.2684226334095001
0.05,0.7032742500305176
