epsilon,accuracy
0,0.19316837191581726
0.005,0.2285478562116623
0.01,0.2700103521347046
0.05,0.7020065188407898
