epsilon,accuracy
0,0.19411543011665344
0.005,0.22845692932605743
0.01,0.2676142454147339
0.05,0.7083605527877808
