epsilon,accuracy
0,0.19648268818855286
0.005,0.23123988509178162
0.01,0.27238380908966064
0.05,0.734099268913269
