epsilon,accuracy
0,0.19628678262233734
0.005,0.2309046983718872
0.01,0.2717452645301819
0.05,0.7078722715377808
