epsilon,accuracy
0,0.1925918161869049
0.005,0.2287159562110901
0.01,0.271403044462204
0.05,0.7818440198898315
