epsilon,accuracy
0,0.20003414154052734
0.005,0.23299984633922577
0.01,0.27093759179115295
0.05,0.695103108882904
