epsilon,accuracy
0,0.19388438761234283
0.005,0.22994911670684814
0.01,0.2719660997390747
0.05,0.7394022345542908
