epsilon,accuracy
0,0.2995114326477051
0.005,0.32293906807899475
0.01,0.34809231758117676
0.05,0.6149956583976746
