epsilon,accuracy
0,0.19892331957817078
0.005,0.234405979514122
0.01,0.2756899893283844
0.05,0.746845543384552
