epsilon,accuracy
0,0.19474245607852936
0.005,0.22983837127685547
0.01,0.2704828977584839
0.05,0.7488450407981873
