epsilon,accuracy
0,0.2007809430360794
0.005,0.236247256398201
0.01,0.2772349715232849
0.05,0.7445944547653198
