epsilon,accuracy
0,0.2013406604528427
0.005,0.23481972515583038
0.01,0.273323655128479
0.05,0.7136549949645996
