epsilon,accuracy
0,0.20542748272418976
0.005,0.2401416301727295
0.01,0.2796490490436554
0.05,0.7073677182197571
