epsilon,accuracy
0,0.19992686808109283
0.005,0.23406797647476196
0.01,0.27327626943588257
0.05,0.7045618295669556
