epsilon,accuracy
0,0.2248247116804123
0.005,0.2574132978916168
0.01,0.29461830854415894
0.05,0.6979402899742126
