epsilon,accuracy
0,0.20354539155960083
0.005,0.23697435855865479
0.01,0.27527159452438354
0.05,0.7165356874465942
