epsilon,accuracy
0,0.19826912879943848
0.005,0.23334366083145142
0.01,0.2739375829696655
0.05,0.7277532815933228
