epsilon,accuracy
0,0.19710096716880798
0.005,0.23317769169807434
0.01,0.2762469947338104
0.05,0.7447539567947388
