epsilon,accuracy
0,0.20442095398902893
0.005,0.240082785487175
0.01,0.28237205743789673
0.05,0.769488513469696
