epsilon,accuracy
0,0.2091539353132248
0.005,0.2423515021800995
0.01,0.28081807494163513
0.05,0.7357082962989807
