epsilon,accuracy
0,0.1964896023273468
0.005,0.23173341155052185
0.01,0.271367609500885
0.05,0.7102103233337402
