epsilon,accuracy
0,0.20260381698608398
0.005,0.2374768853187561
0.01,0.2789857089519501
0.05,0.7466180920600891
