epsilon,accuracy
0,0.2284848988056183
0.005,0.25721976161003113
0.01,0.28956279158592224
0.05,0.6534336805343628
