epsilon,accuracy
0,0.21227654814720154
0.005,0.2446761429309845
0.01,0.28204333782196045
0.05,0.6929490566253662
