epsilon,accuracy
0,0.20089039206504822
0.005,0.23573873937129974
0.01,0.27464374899864197
0.05,0.7198500633239746
