epsilon,accuracy
0,0.19686850905418396
0.005,0.23174214363098145
0.01,0.2721773087978363
0.05,0.7302312254905701
