epsilon,accuracy
0,0.19864188134670258
0.005,0.2344907969236374
0.01,0.276357501745224
0.05,0.7646642923355103
