epsilon,accuracy
0,0.20112884044647217
0.005,0.23630790412425995
0.01,0.2771020233631134
0.05,0.7471779584884644
