epsilon,accuracy
0,0.19920377433300018
0.005,0.2347841113805771
0.01,0.2750248908996582
0.05,0.7138603329658508
