epsilon,accuracy
0,0.1963551789522171
0.005,0.23168347775936127
0.01,0.27365291118621826
0.05,0.7695400714874268
