epsilon,accuracy
0,0.1991974264383316
0.005,0.2342565953731537
0.01,0.27520751953125
0.05,0.7202684283256531
