epsilon,accuracy
0,0.24039320647716522
0.005,0.26999950408935547
0.01,0.30344119668006897
0.05,0.6854420304298401
