epsilon,accuracy
0,0.1961493045091629
0.005,0.2317124754190445
0.01,0.27414774894714355
0.05,0.7615302801132202
