epsilon,accuracy
0,0.1961233764886856
0.005,0.23133507370948792
0.01,0.2725297808647156
0.05,0.7479889988899231
