epsilon,accuracy
0,0.20068533718585968
0.005,0.23634271323680878
0.01,0.2777623236179352
0.05,0.725500762462616
