epsilon,accuracy
0,0.19376042485237122
0.005,0.22888287901878357
0.01,0.26981258392333984
0.05,0.7089622020721436
