epsilon,accuracy
0,0.20035913586616516
0.005,0.23524776101112366
0.01,0.2758646309375763
0.05,0.7450514435768127
