epsilon,accuracy
0,0.20315860211849213
0.005,0.23782755434513092
0.01,0.27790969610214233
0.05,0.7461161017417908
