epsilon,accuracy
0,0.1989019811153412
0.005,0.2334648072719574
0.01,0.27424588799476624
0.05,0.7554680705070496
