epsilon,accuracy
0,0.19954533874988556
0.005,0.23443742096424103
0.01,0.2740863263607025
0.05,0.700317919254303
