epsilon,accuracy
0,0.19683726131916046
0.005,0.23140552639961243
0.01,0.2715410888195038
0.05,0.7295986413955688
