epsilon,accuracy
0,0.20105385780334473
0.005,0.23549751937389374
0.01,0.2747783958911896
0.05,0.7036632895469666
