epsilon,accuracy
0,0.1972513198852539
0.005,0.23270685970783234
0.01,0.27356719970703125
0.05,0.7228896021842957
