epsilon,accuracy
0,0.200339213013649
0.005,0.23374025523662567
0.01,0.27201753854751587
0.05,0.6852411031723022
