epsilon,accuracy
0,0.19785676896572113
0.005,0.2338198870420456
0.01,0.2753005027770996
0.05,0.7679800987243652
