epsilon,accuracy
0,0.19846050441265106
0.005,0.2329910844564438
0.01,0.2725657820701599
0.05,0.7088319063186646
