epsilon,accuracy
0,0.2036774605512619
0.005,0.2375025749206543
0.01,0.27614864706993103
0.05,0.7054392099380493
