epsilon,accuracy
0,0.1975330114364624
0.005,0.23251183331012726
0.01,0.27323031425476074
0.05,0.7438774704933167
