epsilon,accuracy
0,0.19627152383327484
0.005,0.23051832616329193
0.01,0.26921001076698303
0.05,0.7002007961273193
