epsilon,accuracy
0,0.19726328551769257
0.005,0.2320435494184494
0.01,0.27216050028800964
0.05,0.7244858145713806
