epsilon,accuracy
0,0.20068959891796112
0.005,0.23623760044574738
0.01,0.2765052914619446
0.05,0.7284219861030579
