epsilon,accuracy
0,0.19542333483695984
0.005,0.23038992285728455
0.01,0.27116337418556213
0.05,0.7382755279541016
