epsilon,accuracy
0,0.20425938069820404
0.005,0.23839692771434784
0.01,0.27789485454559326
0.05,0.7570316791534424
