epsilon,accuracy
0,0.20738326013088226
0.005,0.2409227043390274
0.01,0.2784860134124756
0.05,0.714462161064148
