epsilon,accuracy
0,0.19399233162403107
0.005,0.2297094464302063
0.01,0.27209317684173584
0.05,0.7749134302139282
