epsilon,accuracy
0,0.20067305862903595
0.005,0.2343415766954422
0.01,0.27270230650901794
0.05,0.7227540612220764
