epsilon,accuracy
0,0.20250855386257172
0.005,0.2378440499305725
0.01,0.27902522683143616
0.05,0.7484924793243408
