epsilon,accuracy
0,0.2137567102909088
0.005,0.24618953466415405
0.01,0.28334304690361023
0.05,0.7066575884819031
