epsilon,accuracy
0,0.1937822699546814
0.005,0.23064428567886353
0.01,0.27327296137809753
0.05,0.7489278316497803
