epsilon,accuracy
0,0.19797717034816742
0.005,0.23292836546897888
0.01,0.2728749215602875
0.05,0.7137789726257324
