epsilon,accuracy
0,0.20326590538024902
0.005,0.2362569123506546
0.01,0.2741883397102356
0.05,0.719192385673523
