epsilon,accuracy
0,0.2053574025630951
0.005,0.2381627857685089
0.01,0.276258647441864
0.05,0.7099676132202148
