epsilon,accuracy
0,0.2043263018131256
0.005,0.23803997039794922
0.01,0.27672865986824036
0.05,0.7166585326194763
