epsilon,accuracy
0,0.2049151211977005
0.005,0.23947352170944214
0.01,0.27870965003967285
0.05,0.7146592140197754
