epsilon,accuracy
0,0.19676287472248077
0.005,0.23108817636966705
0.01,0.2703641653060913
0.05,0.6949893236160278
