epsilon,accuracy
0,0.2047903686761856
0.005,0.2402418851852417
0.01,0.28064900636672974
0.05,0.7292267084121704
