epsilon,accuracy
0,0.20720329880714417
0.005,0.24110114574432373
0.01,0.2798791229724884
0.05,0.7152343392372131
