epsilon,accuracy
0,0.19414332509040833
0.005,0.2299458235502243
0.01,0.27143219113349915
0.05,0.7285189628601074
