epsilon,accuracy
0,0.228971466422081
0.005,0.2605224549770355
0.01,0.29671767354011536
0.05,0.6975696086883545
