epsilon,accuracy
0,0.1981915980577469
0.005,0.23434986174106598
0.01,0.2754085958003998
0.05,0.7246655225753784
