epsilon,accuracy
0,0.19663062691688538
0.005,0.23240968585014343
0.01,0.2739562392234802
0.05,0.7590866684913635
