epsilon,accuracy
0,0.20288845896720886
0.005,0.23752561211585999
0.01,0.2776733636856079
0.05,0.7126838564872742
