epsilon,accuracy
0,0.1973234862089157
0.005,0.232024148106575
0.01,0.27302682399749756
0.05,0.7496278882026672
