epsilon,accuracy
0,0.19305656850337982
0.005,0.22868773341178894
0.01,0.27059561014175415
0.05,0.7087218165397644
