epsilon,accuracy
0,0.20092228055000305
0.005,0.2356170415878296
0.01,0.27510732412338257
0.05,0.7061452269554138
