epsilon,accuracy
0,0.19569405913352966
0.005,0.2314884215593338
0.01,0.27328523993492126
0.05,0.7297669649124146
