epsilon,accuracy
0,0.1993342787027359
0.005,0.2341272532939911
0.01,0.2737136483192444
0.05,0.6986600756645203
