epsilon,accuracy
0,0.1972358524799347
0.005,0.2332116961479187
0.01,0.2761375308036804
0.05,0.7273358702659607
