epsilon,accuracy
0,0.19729220867156982
0.005,0.23220889270305634
0.01,0.2721805274486542
0.05,0.6989095211029053
