epsilon,accuracy
0,0.19998130202293396
0.005,0.23435604572296143
0.01,0.27445802092552185
0.05,0.7308260798454285
