epsilon,accuracy
0,0.2048281580209732
0.005,0.23940050601959229
0.01,0.2779655158519745
0.05,0.7141590118408203
