epsilon,accuracy
0,0.2345900535583496
0.005,0.2660999000072479
0.01,0.30216991901397705
0.05,0.7223902344703674
