epsilon,accuracy
0,0.20303158462047577
0.005,0.2397085726261139
0.01,0.280722439289093
0.05,0.7319972515106201
