epsilon,accuracy
0,0.21676062047481537
0.005,0.24941454827785492
0.01,0.2872350513935089
0.05,0.7108250260353088
