epsilon,accuracy
0,0.1998768001794815
0.005,0.233799546957016
0.01,0.2730948030948639
0.05,0.7001067399978638
