epsilon,accuracy
0,0.19944970309734344
0.005,0.2339181751012802
0.01,0.2741124927997589
0.05,0.7025926113128662
