epsilon,accuracy
0,0.20568300783634186
0.005,0.23879188299179077
0.01,0.2760741114616394
0.05,0.7229793071746826
