epsilon,accuracy
0,0.20127888023853302
0.005,0.23513343930244446
0.01,0.27326029539108276
0.05,0.7128198742866516
