epsilon,accuracy
0,0.20367810130119324
0.005,0.2379063367843628
0.01,0.27755090594291687
0.05,0.7219328284263611
