epsilon,accuracy
0,0.19644039869308472
0.005,0.23051393032073975
0.01,0.2695606052875519
0.05,0.7173278331756592
