epsilon,accuracy
0,0.205478698015213
0.005,0.23925192654132843
0.01,0.2775775194168091
0.05,0.7132240533828735
