epsilon,accuracy
0,0.2073986977338791
0.005,0.24108143150806427
0.01,0.28029710054397583
0.05,0.7141807675361633
