epsilon,accuracy
0,0.194854736328125
0.005,0.2292003631591797
0.01,0.2691909074783325
0.05,0.7400938868522644
