epsilon,accuracy
0,0.19781190156936646
0.005,0.23270472884178162
0.01,0.2714797556400299
0.05,0.7087947726249695
