epsilon,accuracy
0,0.1976819485425949
0.005,0.23139427602291107
0.01,0.2702263593673706
0.05,0.7196748852729797
