epsilon,accuracy
0,0.19866085052490234
0.005,0.23452089726924896
0.01,0.27590620517730713
0.05,0.7588098645210266
