epsilon,accuracy
0,0.20565558969974518
0.005,0.2405727356672287
0.01,0.28109127283096313
0.05,0.7390718460083008
