epsilon,accuracy
0,0.198133185505867
0.005,0.2328801155090332
0.01,0.27301734685897827
0.05,0.6999451518058777
