epsilon,accuracy
0,0.2038213461637497
0.005,0.23892813920974731
0.01,0.27999812364578247
0.05,0.7362631559371948
