epsilon,accuracy
0,0.1982722282409668
0.005,0.2342509925365448
0.01,0.2754126787185669
0.05,0.7658465504646301
