epsilon,accuracy
0,0.19558316469192505
0.005,0.2320995330810547
0.01,0.27439016103744507
0.05,0.745195746421814
