epsilon,accuracy
0,0.1992090940475464
0.005,0.235358327627182
0.01,0.27760496735572815
0.05,0.760541558265686
