epsilon,accuracy
0,0.19286583364009857
0.005,0.22978220880031586
0.01,0.2718428373336792
0.05,0.75579833984375
