epsilon,accuracy
0,0.19826681911945343
0.005,0.23325973749160767
0.01,0.2741852402687073
0.05,0.7299667000770569
