epsilon,accuracy
0,0.19455568492412567
0.005,0.2313081920146942
0.01,0.27296531200408936
0.05,0.7279630303382874
