epsilon,accuracy
0,0.19638201594352722
0.005,0.23172681033611298
0.01,0.27341243624687195
0.05,0.7580768465995789
