epsilon,accuracy
0,0.199442058801651
0.005,0.23444096744060516
0.01,0.2743433117866516
0.05,0.7183266282081604
