epsilon,accuracy
0,0.20116576552391052
0.005,0.236982524394989
0.01,0.27830126881599426
0.05,0.782027006149292
