epsilon,accuracy
0,0.19920165836811066
0.005,0.2334289699792862
0.01,0.2721457779407501
0.05,0.7120206356048584
