epsilon,accuracy
0,0.21598879992961884
0.005,0.24904713034629822
0.01,0.2871039807796478
0.05,0.7479426860809326
