epsilon,accuracy
0,0.19789044559001923
0.005,0.2326126992702484
0.01,0.2723463177680969
0.05,0.6931378245353699
