epsilon,accuracy
0,0.19844508171081543
0.005,0.23350435495376587
0.01,0.2737141251564026
0.05,0.7145472764968872
