epsilon,accuracy
0,0.19584029912948608
0.005,0.2296772450208664
0.01,0.2694118916988373
0.05,0.6961933374404907
