epsilon,accuracy
0,0.19738565385341644
0.005,0.23188373446464539
0.01,0.27180540561676025
0.05,0.6955823302268982
