epsilon,accuracy
0,0.19676025211811066
0.005,0.23176133632659912
0.01,0.2728899419307709
0.05,0.7467016577720642
