epsilon,accuracy
0,0.19648106396198273
0.005,0.23133639991283417
0.01,0.27141207456588745
0.05,0.7222299575805664
