epsilon,accuracy
0,0.1929624080657959
0.005,0.22853869199752808
0.01,0.27082276344299316
0.05,0.7697454690933228
