epsilon,accuracy
0,0.2025805562734604
0.005,0.23821114003658295
0.01,0.27969083189964294
0.05,0.7469083666801453
