epsilon,accuracy
0,0.2523348033428192
0.005,0.2816440165042877
0.01,0.31511709094047546
0.05,0.7024756073951721
