epsilon,accuracy
0,0.19572685658931732
0.005,0.23194658756256104
0.01,0.2742328345775604
0.05,0.7546534538269043
