epsilon,accuracy
0,0.20243754982948303
0.005,0.23726043105125427
0.01,0.27726128697395325
0.05,0.7264719009399414
