epsilon,accuracy
0,0.19659174978733063
0.005,0.23183280229568481
0.01,0.27331140637397766
0.05,0.7543803453445435
