epsilon,accuracy
0,0.20198537409305573
0.005,0.23662446439266205
0.01,0.27590006589889526
0.05,0.7266381978988647
