epsilon,accuracy
0,0.19828447699546814
0.005,0.23369787633419037
0.01,0.2746241092681885
0.05,0.7434386610984802
