epsilon,accuracy
0,0.1979926973581314
0.005,0.2320529967546463
0.01,0.27184656262397766
0.05,0.7239592671394348
