epsilon,accuracy
0,0.20786303281784058
0.005,0.24006448686122894
0.01,0.27746373414993286
0.05,0.7004700899124146
