epsilon,accuracy
0,0.19654175639152527
0.005,0.23119215667247772
0.01,0.27027055621147156
0.05,0.702875554561615
