epsilon,accuracy
0,0.19305311143398285
0.005,0.22824551165103912
0.01,0.2701413035392761
0.05,0.7752372026443481
