epsilon,accuracy
0,0.21994756162166595
0.005,0.2499169260263443
0.01,0.2843518555164337
0.05,0.6994675397872925
