epsilon,accuracy
0,0.20215842127799988
0.005,0.23668794333934784
0.01,0.27581652998924255
0.05,0.7269554734230042
