epsilon,accuracy
0,0.20087730884552002
0.005,0.23741601407527924
0.01,0.2796296179294586
0.05,0.7309750318527222
