epsilon,accuracy
0,0.20932403206825256
0.005,0.2420087456703186
0.01,0.2794477939605713
0.05,0.7241596579551697
