epsilon,accuracy
0,0.19738724827766418
0.005,0.23175513744354248
0.01,0.2714032828807831
0.05,0.695975124835968
