epsilon,accuracy
0,0.2093169093132019
0.005,0.24313984811306
0.01,0.2819572985172272
0.05,0.7204237580299377
