epsilon,accuracy
0,0.1960194706916809
0.005,0.23018451035022736
0.01,0.2698136568069458
0.05,0.7196859121322632
