epsilon,accuracy
0,0.19664891064167023
0.005,0.23214195668697357
0.01,0.2720459997653961
0.05,0.7337529063224792
