epsilon,accuracy
0,0.1977023035287857
0.005,0.23275521397590637
0.01,0.273366242647171
0.05,0.7251433730125427
