epsilon,accuracy
0,0.19990278780460358
0.005,0.2365550547838211
0.01,0.2782149910926819
0.05,0.7464280128479004
