epsilon,accuracy
0,0.19565366208553314
0.005,0.22992901504039764
0.01,0.2697333097457886
0.05,0.7052249312400818
