epsilon,accuracy
0,0.19764834642410278
0.005,0.2327287644147873
0.01,0.27348172664642334
0.05,0.7126944065093994
