epsilon,accuracy
0,0.2076442837715149
0.005,0.24269618093967438
0.01,0.2830377519130707
0.05,0.752636194229126
