epsilon,accuracy
0,0.19937697052955627
0.005,0.23345710337162018
0.01,0.2727404534816742
0.05,0.7159632444381714
