epsilon,accuracy
0,0.1983557492494583
0.005,0.23279497027397156
0.01,0.27294525504112244
0.05,0.7212395071983337
