epsilon,accuracy
0,0.20055699348449707
0.005,0.2355048954486847
0.01,0.27490296959877014
0.05,0.7068897485733032
