epsilon,accuracy
0,0.19659744203090668
0.005,0.23151971399784088
0.01,0.2715761959552765
0.05,0.703898012638092
