epsilon,accuracy
0,0.19994822144508362
0.005,0.2350291758775711
0.01,0.27532991766929626
0.05,0.729787290096283
