epsilon,accuracy
0,0.2877762019634247
0.005,0.3118843138217926
0.01,0.338204950094223
0.05,0.6207230687141418
