epsilon,accuracy
0,0.19929717481136322
0.005,0.23365381360054016
0.01,0.2721666395664215
0.05,0.7014259099960327
