epsilon,accuracy
0,0.24340517818927765
0.005,0.27322906255722046
0.01,0.30687129497528076
0.05,0.6999019384384155
