epsilon,accuracy
0,0.19821615517139435
0.005,0.23267625272274017
0.01,0.2725190818309784
0.05,0.7096787095069885
