epsilon,accuracy
0,0.19735507667064667
0.005,0.2322157621383667
0.01,0.2722153663635254
0.05,0.7063767313957214
