epsilon,accuracy
0,0.19701312482357025
0.005,0.23127199709415436
0.01,0.27115923166275024
0.05,0.7203914523124695
