epsilon,accuracy
0,0.19909445941448212
0.005,0.23349443078041077
0.01,0.27398133277893066
0.05,0.7401476502418518
