epsilon,accuracy
0,0.19089768826961517
0.005,0.22724290192127228
0.01,0.2693903148174286
0.05,0.7499074935913086
