epsilon,accuracy
0,0.19493944942951202
0.005,0.22830109298229218
0.01,0.2670363783836365
0.05,0.7128090262413025
