epsilon,accuracy
0,0.19646282494068146
0.005,0.2324185073375702
0.01,0.274518758058548
0.05,0.748062789440155
