epsilon,accuracy
0,0.19530020654201508
0.005,0.22966961562633514
0.01,0.26970338821411133
0.05,0.71207195520401
