epsilon,accuracy
0,0.19412507116794586
0.005,0.23021656274795532
0.01,0.2720227837562561
0.05,0.734255313873291
