epsilon,accuracy
0,0.19877195358276367
0.005,0.23364384472370148
0.01,0.2742740511894226
0.05,0.73622065782547
