epsilon,accuracy
0,0.20534981787204742
0.005,0.23912456631660461
0.01,0.27876394987106323
0.05,0.7079963684082031
