epsilon,accuracy
0,0.20134000480175018
0.005,0.2358090728521347
0.01,0.27485692501068115
0.05,0.7227613925933838
