epsilon,accuracy
0,0.1986212432384491
0.005,0.2321537882089615
0.01,0.2700386345386505
0.05,0.7005086541175842
