epsilon,accuracy
0,0.19509705901145935
0.005,0.2300882488489151
0.01,0.2712682783603668
0.05,0.7471721768379211
