epsilon,accuracy
0,0.19283129274845123
0.005,0.22924919426441193
0.01,0.2719259262084961
0.05,0.7802870273590088
