epsilon,accuracy
0,0.19906651973724365
0.005,0.234092578291893
0.01,0.27417227625846863
0.05,0.6979188323020935
