epsilon,accuracy
0,0.2034812867641449
0.005,0.23584836721420288
0.01,0.2735876739025116
0.05,0.7061087489128113
