epsilon,accuracy
0,0.19810792803764343
0.005,0.23377884924411774
0.01,0.2754174768924713
0.05,0.7585228681564331
