epsilon,accuracy
0,0.19230210781097412
0.005,0.22766627371311188
0.01,0.2695394456386566
0.05,0.7659692168235779
