epsilon,accuracy
0,0.19961659610271454
0.005,0.23636654019355774
0.01,0.27809515595436096
0.05,0.7622604966163635
