epsilon,accuracy
0,0.19810572266578674
0.005,0.23229263722896576
0.01,0.27104586362838745
0.05,0.7017533779144287
