epsilon,accuracy
0,0.19640716910362244
0.005,0.23269657790660858
0.01,0.2752076983451843
0.05,0.7678029537200928
