epsilon,accuracy
0,0.19730977714061737
0.005,0.23286007344722748
0.01,0.274044007062912
0.05,0.758489191532135
