epsilon,accuracy
0,0.19902174174785614
0.005,0.23361939191818237
0.01,0.2730925977230072
0.05,0.7133006453514099
