epsilon,accuracy
0,0.28222593665122986
0.005,0.30677053332328796
0.01,0.33339259028434753
0.05,0.618415892124176
