epsilon,accuracy
0,0.19915138185024261
0.005,0.23386837542057037
0.01,0.2740466892719269
0.05,0.7285758256912231
