epsilon,accuracy
0,0.20080338418483734
0.005,0.23613758385181427
0.01,0.27674180269241333
0.05,0.7310752272605896
