epsilon,accuracy
0,0.19885843992233276
0.005,0.234228253364563
0.01,0.27526068687438965
0.05,0.7200145125389099
