epsilon,accuracy
0,0.19947217404842377
0.005,0.23423884809017181
0.01,0.2742294669151306
0.05,0.7039968371391296
