epsilon,accuracy
0,0.19718223810195923
0.005,0.23149728775024414
0.01,0.27014875411987305
0.05,0.7017545700073242
