epsilon,accuracy
0,0.20114436745643616
0.005,0.23739315569400787
0.01,0.2782483994960785
0.05,0.7336604595184326
