epsilon,accuracy
0,0.19695499539375305
0.005,0.23251187801361084
0.01,0.2736490070819855
0.05,0.7384788990020752
