epsilon,accuracy
0,0.19524483382701874
0.005,0.2313077449798584
0.01,0.2730548083782196
0.05,0.7320970296859741
