epsilon,accuracy
0,0.19603531062602997
0.005,0.2320704460144043
0.01,0.27381905913352966
0.05,0.7225632667541504
