epsilon,accuracy
0,0.19647470116615295
0.005,0.23223166167736053
0.01,0.2735883593559265
0.05,0.7656183838844299
