epsilon,accuracy
0,0.20252035558223724
0.005,0.2367144674062729
0.01,0.27599748969078064
0.05,0.7084516286849976
