epsilon,accuracy
0,0.19229938089847565
0.005,0.22868281602859497
0.01,0.27072271704673767
0.05,0.7456986904144287
