epsilon,accuracy
0,0.23099026083946228
0.005,0.26221299171447754
0.01,0.2973901927471161
0.05,0.7062731385231018
