epsilon,accuracy
0,0.19780564308166504
0.005,0.23161478340625763
0.01,0.27023938298225403
0.05,0.6978071331977844
