epsilon,accuracy
0,0.19255582988262177
0.005,0.2291330099105835
0.01,0.27228257060050964
0.05,0.7714731097221375
