epsilon,accuracy
0,0.1967465877532959
0.005,0.2316952794790268
0.01,0.27168285846710205
0.05,0.7021323442459106
