epsilon,accuracy
0,0.19731923937797546
0.005,0.23429299890995026
0.01,0.2772540748119354
0.05,0.742960512638092
