epsilon,accuracy
0,0.2043071985244751
0.005,0.2382047474384308
0.01,0.2768723964691162
0.05,0.7184199690818787
