epsilon,accuracy
0,0.1944553405046463
0.005,0.23061776161193848
0.01,0.2728044390678406
0.05,0.7585957646369934
