epsilon,accuracy
0,0.20534643530845642
0.005,0.23912864923477173
0.01,0.2780921459197998
0.05,0.7106457948684692
