epsilon,accuracy
0,0.20474781095981598
0.005,0.2391766607761383
0.01,0.27934396266937256
0.05,0.7453662157058716
