epsilon,accuracy
0,0.1940782517194748
0.005,0.2289014458656311
0.01,0.26807138323783875
0.05,0.7199212312698364
