epsilon,accuracy
0,0.20495936274528503
0.005,0.24064399302005768
0.01,0.281402587890625
0.05,0.7439239025115967
