epsilon,accuracy
0,0.1970970779657364
0.005,0.2305925041437149
0.01,0.2695375084877014
0.05,0.6997622847557068
