epsilon,accuracy
0,0.19901888072490692
0.005,0.23381082713603973
0.01,0.2740052044391632
0.05,0.7219012379646301
