epsilon,accuracy
0,0.1986805498600006
0.005,0.23482312262058258
0.01,0.2761719524860382
0.05,0.7349749207496643
