epsilon,accuracy
0,0.20376400649547577
0.005,0.23826991021633148
0.01,0.27766233682632446
0.05,0.7179306149482727
