epsilon,accuracy
0,0.2612130343914032
0.005,0.2902102768421173
0.01,0.32282790541648865
0.05,0.6872012615203857
