epsilon,accuracy
0,0.20231875777244568
0.005,0.23711735010147095
0.01,0.2784758508205414
0.05,0.7578586339950562
