epsilon,accuracy
0,0.19668792188167572
0.005,0.23147685825824738
0.01,0.2706597149372101
0.05,0.6925248503684998
