epsilon,accuracy
0,0.19436363875865936
0.005,0.23039871454238892
0.01,0.2723574638366699
0.05,0.7340417504310608
