epsilon,accuracy
0,0.1976863294839859
0.005,0.2321431040763855
0.01,0.2717275619506836
0.05,0.6874567270278931
