epsilon,accuracy
0,0.1930076777935028
0.005,0.2292124629020691
0.01,0.2719041109085083
0.05,0.7433419823646545
