epsilon,accuracy
0,0.1964942067861557
0.005,0.232331320643425
0.01,0.2741650640964508
0.05,0.7634881138801575
