epsilon,accuracy
0,0.20130833983421326
0.005,0.23843182623386383
0.01,0.28060299158096313
0.05,0.7685144543647766
