epsilon,accuracy
0,0.1977972686290741
0.005,0.23233526945114136
0.01,0.27267420291900635
0.05,0.7489715814590454
