epsilon,accuracy
0,0.19732104241847992
0.005,0.23180221021175385
0.01,0.27129292488098145
0.05,0.726969301700592
