epsilon,accuracy
0,0.194711372256279
0.005,0.23075982928276062
0.01,0.2730262875556946
0.05,0.7372246980667114
