epsilon,accuracy
0,0.20886531472206116
0.005,0.24343949556350708
0.01,0.2835696041584015
0.05,0.7474597096443176
