epsilon,accuracy
0,0.19544269144535065
0.005,0.23112405836582184
0.01,0.2724948823451996
0.05,0.7298209071159363
