epsilon,accuracy
0,0.20669402182102203
0.005,0.2405547946691513
0.01,0.27889713644981384
0.05,0.7080431580543518
