epsilon,accuracy
0,0.19909197092056274
0.005,0.23423068225383759
0.01,0.2747744917869568
0.05,0.7279724478721619
