epsilon,accuracy
0,0.19893628358840942
0.005,0.23532435297966003
0.01,0.27752798795700073
0.05,0.7499311566352844
