epsilon,accuracy
0,0.20967648923397064
0.005,0.24287407100200653
0.01,0.28053954243659973
0.05,0.7091807126998901
