epsilon,accuracy
0,0.20217084884643555
0.005,0.23680642247200012
0.01,0.277095228433609
0.05,0.7169342637062073
