epsilon,accuracy
0,0.20302507281303406
0.005,0.2373969554901123
0.01,0.27780264616012573
0.05,0.7516181468963623
