epsilon,accuracy
0,0.2162080854177475
0.005,0.24763137102127075
0.01,0.2830871343612671
0.05,0.7092830538749695
