epsilon,accuracy
0,0.19656608998775482
0.005,0.23027275502681732
0.01,0.26885247230529785
0.05,0.7091301083564758
