epsilon,accuracy
0,0.20149505138397217
0.005,0.23586814105510712
0.01,0.27469077706336975
0.05,0.7207098007202148
