epsilon,accuracy
0,0.1988779753446579
0.005,0.2346896529197693
0.01,0.27603936195373535
0.05,0.7348073124885559
