epsilon,accuracy
0,0.20513999462127686
0.005,0.24167759716510773
0.01,0.2825142443180084
0.05,0.7353805899620056
