epsilon,accuracy
0,0.19970282912254333
0.005,0.2343745231628418
0.01,0.2743893265724182
0.05,0.732634961605072
