epsilon,accuracy
0,0.19136783480644226
0.005,0.2279210388660431
0.01,0.27067896723747253
0.05,0.7451130747795105
