epsilon,accuracy
0,0.19715240597724915
0.005,0.23209907114505768
0.01,0.27262750267982483
0.05,0.7272825241088867
