epsilon,accuracy
0,0.19995804131031036
0.005,0.23597803711891174
0.01,0.2781408131122589
0.05,0.7643289566040039
