epsilon,accuracy
0,0.2031746208667755
0.005,0.23788638412952423
0.01,0.2776535153388977
0.05,0.7103663682937622
