epsilon,accuracy
0,0.19274644553661346
0.005,0.227181538939476
0.01,0.26646688580513
0.05,0.7034823894500732
