epsilon,accuracy
0,0.19780848920345306
0.005,0.23332761228084564
0.01,0.2743261754512787
0.05,0.7532521486282349
