epsilon,accuracy
0,0.20537883043289185
0.005,0.2407202422618866
0.01,0.2802959084510803
0.05,0.7396536469459534
