epsilon,accuracy
0,0.19600746035575867
0.005,0.23013950884342194
0.01,0.2695867419242859
0.05,0.7018490433692932
