epsilon,accuracy
0,0.2003476619720459
0.005,0.23492351174354553
0.01,0.2749672830104828
0.05,0.7447171211242676
