epsilon,accuracy
0,0.21115350723266602
0.005,0.24397625029087067
0.01,0.280984491109848
0.05,0.6905582547187805
