epsilon,accuracy
0,0.19864730536937714
0.005,0.23349235951900482
0.01,0.2733144760131836
0.05,0.6942031979560852
