epsilon,accuracy
0,0.25463631749153137
0.005,0.2843785881996155
0.01,0.3182300925254822
0.05,0.7037359476089478
