epsilon,accuracy
0,0.19358478486537933
0.005,0.22889216244220734
0.01,0.2708161175251007
0.05,0.7651470303535461
