epsilon,accuracy
0,0.19933108985424042
0.005,0.23315583169460297
0.01,0.2724466919898987
0.05,0.7187830209732056
