epsilon,accuracy
0,0.1997556835412979
0.005,0.23382195830345154
0.01,0.27339547872543335
0.05,0.7274380326271057
