epsilon,accuracy
0,0.19710688292980194
0.005,0.23164382576942444
0.01,0.27134865522384644
0.05,0.7007182240486145
