epsilon,accuracy
0,0.1964203268289566
0.005,0.23153787851333618
0.01,0.2715016007423401
0.05,0.7034894227981567
