epsilon,accuracy
0,0.19239263236522675
0.005,0.23005320131778717
0.01,0.274157851934433
0.05,0.7594683170318604
