epsilon,accuracy
0,0.19895058870315552
0.005,0.23455025255680084
0.01,0.2764641046524048
0.05,0.7584773898124695
