epsilon,accuracy
0,0.19652223587036133
0.005,0.23214486241340637
0.01,0.2740766704082489
0.05,0.7619922161102295
