epsilon,accuracy
0,0.19551990926265717
0.005,0.23184914886951447
0.01,0.2739256024360657
0.05,0.7262490391731262
