epsilon,accuracy
0,0.1957368403673172
0.005,0.2305091768503189
0.01,0.27183055877685547
0.05,0.7512745261192322
