epsilon,accuracy
0,0.20189031958580017
0.005,0.23727384209632874
0.01,0.27731460332870483
0.05,0.7239106297492981
