epsilon,accuracy
0,0.2020406723022461
0.005,0.23683325946331024
0.01,0.27638107538223267
0.05,0.7298922538757324
