epsilon,accuracy
0,0.1990252584218979
0.005,0.23365376889705658
0.01,0.273716002702713
0.05,0.7233464121818542
