epsilon,accuracy
0,0.19877105951309204
0.005,0.23201553523540497
0.01,0.27011990547180176
0.05,0.702502429485321
