epsilon,accuracy
0,0.19980593025684357
0.005,0.2336309403181076
0.01,0.27177301049232483
0.05,0.7045549750328064
