epsilon,accuracy
0,0.1927725374698639
0.005,0.2284390777349472
0.01,0.2699991762638092
0.05,0.7424207925796509
