epsilon,accuracy
0,0.20113833248615265
0.005,0.23659005761146545
0.01,0.27828073501586914
0.05,0.7622783184051514
