epsilon,accuracy
0,0.1971479058265686
0.005,0.23181022703647614
0.01,0.2718593180179596
0.05,0.7252382040023804
