epsilon,accuracy
0,0.1969933658838272
0.005,0.23103022575378418
0.01,0.2708812654018402
0.05,0.7168309688568115
