epsilon,accuracy
0,0.19735872745513916
0.005,0.2327917218208313
0.01,0.2741105556488037
0.05,0.7329069375991821
