epsilon,accuracy
0,0.19818221032619476
0.005,0.23424683511257172
0.01,0.275703102350235
0.05,0.7441098093986511
