epsilon,accuracy
0,0.20574656128883362
0.005,0.23895348608493805
0.01,0.277381956577301
0.05,0.6998407244682312
