epsilon,accuracy
0,0.1946452558040619
0.005,0.2308165282011032
0.01,0.2729170322418213
0.05,0.7400092482566833
