epsilon,accuracy
0,0.19390574097633362
0.005,0.2299664467573166
0.01,0.2727724313735962
0.05,0.7843326330184937
