epsilon,accuracy
0,0.20079778134822845
0.005,0.23795339465141296
0.01,0.28032997250556946
0.05,0.7314271926879883
