epsilon,accuracy
0,0.19547845423221588
0.005,0.23111137747764587
0.01,0.27303650975227356
0.05,0.7300969958305359
