epsilon,accuracy
0,0.19888713955879211
0.005,0.23299968242645264
0.01,0.2733684778213501
0.05,0.732594907283783
