epsilon,accuracy
0,0.1956615000963211
0.005,0.23043902218341827
0.01,0.2714478671550751
0.05,0.7544348835945129
