epsilon,accuracy
0,0.19709166884422302
0.005,0.23137284815311432
0.01,0.2705633044242859
0.05,0.704171359539032
