epsilon,accuracy
0,0.20315366983413696
0.005,0.2373763769865036
0.01,0.2765960693359375
0.05,0.7352907657623291
