epsilon,accuracy
0,0.19830870628356934
0.005,0.2331918478012085
0.01,0.273541122674942
0.05,0.6896622776985168
