epsilon,accuracy
0,0.2313929796218872
0.005,0.2636089622974396
0.01,0.3001989424228668
0.05,0.7141133546829224
