epsilon,accuracy
0,0.19465596973896027
0.005,0.23064236342906952
0.01,0.2729279696941376
0.05,0.7579982280731201
