epsilon,accuracy
0,0.19676867127418518
0.005,0.23120909929275513
0.01,0.2711449861526489
0.05,0.7220702767372131
