epsilon,accuracy
0,0.20040421187877655
0.005,0.23616236448287964
0.01,0.2773004174232483
0.05,0.7358806729316711
