epsilon,accuracy
0,0.19521760940551758
0.005,0.23060637712478638
0.01,0.27250730991363525
0.05,0.767531156539917
