epsilon,accuracy
0,0.1997806429862976
0.005,0.23550279438495636
0.01,0.27663230895996094
0.05,0.7354593276977539
