epsilon,accuracy
0,0.19599103927612305
0.005,0.2316197156906128
0.01,0.2714511454105377
0.05,0.69254469871521
