epsilon,accuracy
0,0.22055837512016296
0.005,0.25032055377960205
0.01,0.28459101915359497
0.05,0.706058919429779
