epsilon,accuracy
0,0.19790659844875336
0.005,0.23483742773532867
0.01,0.27709704637527466
0.05,0.7461584806442261
