epsilon,accuracy
0,0.19292207062244415
0.005,0.22926676273345947
0.01,0.27074021100997925
0.05,0.7314858436584473
