epsilon,accuracy
0,0.19610300660133362
0.005,0.23102158308029175
0.01,0.2712593674659729
0.05,0.706588864326477
