epsilon,accuracy
0,0.1964547485113144
0.005,0.23186472058296204
0.01,0.2735445499420166
0.05,0.7198809385299683
