epsilon,accuracy
0,0.1983128786087036
0.005,0.2333650141954422
0.01,0.27427467703819275
0.05,0.7334566712379456
