epsilon,accuracy
0,0.20242394506931305
0.005,0.2372901886701584
0.01,0.2771461009979248
0.05,0.6868348121643066
