epsilon,accuracy
0,0.1965494006872177
0.005,0.2310483157634735
0.01,0.27128416299819946
0.05,0.713049054145813
