epsilon,accuracy
0,0.21526789665222168
0.005,0.24752366542816162
0.01,0.2842634320259094
0.05,0.7129258513450623
