epsilon,accuracy
0,0.20023959875106812
0.005,0.23666705191135406
0.01,0.27881237864494324
0.05,0.7740692496299744
