epsilon,accuracy
0,0.1961681842803955
0.005,0.23195990920066833
0.01,0.27359315752983093
0.05,0.726806104183197
