epsilon,accuracy
0,0.1967805176973343
0.005,0.2311994582414627
0.01,0.2708543837070465
0.05,0.7258535027503967
