epsilon,accuracy
0,0.20240278542041779
0.005,0.2371697872877121
0.01,0.27674877643585205
0.05,0.7265414595603943
