epsilon,accuracy
0,0.19581009447574615
0.005,0.22987890243530273
0.01,0.2690732777118683
0.05,0.6926110982894897
