epsilon,accuracy
0,0.19636820256710052
0.005,0.2312633991241455
0.01,0.27228647470474243
0.05,0.7468023896217346
