epsilon,accuracy
0,0.19503018260002136
0.005,0.23020778596401215
0.01,0.27136966586112976
0.05,0.7703474760055542
