epsilon,accuracy
0,0.2021922916173935
0.005,0.23728018999099731
0.01,0.2786758542060852
0.05,0.7399415969848633
