epsilon,accuracy
0,0.2004256546497345
0.005,0.23328393697738647
0.01,0.27082061767578125
0.05,0.7098363041877747
