epsilon,accuracy
0,0.1963631510734558
0.005,0.23218362033367157
0.01,0.27403780817985535
0.05,0.7413235306739807
