epsilon,accuracy
0,0.20081265270709991
0.005,0.2357414960861206
0.01,0.27507540583610535
0.05,0.7119622826576233
