epsilon,accuracy
0,0.19521577656269073
0.005,0.23103484511375427
0.01,0.27246153354644775
0.05,0.7321653962135315
