epsilon,accuracy
0,0.19356870651245117
0.005,0.22812505066394806
0.01,0.26764151453971863
0.05,0.7216693758964539
