epsilon,accuracy
0,0.20980586111545563
0.005,0.24305476248264313
0.01,0.28088897466659546
0.05,0.717303454875946
