epsilon,accuracy
0,0.2141495645046234
0.005,0.24682502448558807
0.01,0.2843984067440033
0.05,0.7201606035232544
