epsilon,accuracy
0,0.1995934098958969
0.005,0.2336103767156601
0.01,0.2730127274990082
0.05,0.6919260621070862
