epsilon,accuracy
0,0.20240405201911926
0.005,0.2377963811159134
0.01,0.27872365713119507
0.05,0.728860080242157
