epsilon,accuracy
0,0.2000683844089508
0.005,0.23286588490009308
0.01,0.2707233726978302
0.05,0.6962586045265198
