epsilon,accuracy
0,0.19764989614486694
0.005,0.23337844014167786
0.01,0.2747488021850586
0.05,0.7662079334259033
