epsilon,accuracy
0,0.19740693271160126
0.005,0.2318229377269745
0.01,0.2711673378944397
0.05,0.6881954073905945
