epsilon,accuracy
0,0.20014512538909912
0.005,0.23689432442188263
0.01,0.2793244421482086
0.05,0.7364259362220764
