epsilon,accuracy
0,0.19634805619716644
0.005,0.2326301485300064
0.01,0.27359122037887573
0.05,0.7306638956069946
