epsilon,accuracy
0,0.19604840874671936
0.005,0.2314276248216629
0.01,0.27248749136924744
0.05,0.7039960622787476
