epsilon,accuracy
0,0.19534946978092194
0.005,0.23024119436740875
0.01,0.2715171277523041
0.05,0.7487751245498657
