epsilon,accuracy
0,0.2017216980457306
0.005,0.23643751442432404
0.01,0.27581509947776794
0.05,0.7254014611244202
