epsilon,accuracy
0,0.19847923517227173
0.005,0.23329688608646393
0.01,0.2735137939453125
0.05,0.744484007358551
