epsilon,accuracy
0,0.2028028815984726
0.005,0.2377641499042511
0.01,0.2775143086910248
0.05,0.7258135080337524
