epsilon,accuracy
0,0.21725277602672577
0.005,0.2502763867378235
0.01,0.2877110540866852
0.05,0.7237919569015503
