epsilon,accuracy
0,0.20205484330654144
0.005,0.2362009882926941
0.01,0.27584725618362427
0.05,0.7211743593215942
