epsilon,accuracy
0,0.20036932826042175
0.005,0.2344929426908493
0.01,0.2736406624317169
0.05,0.7175642848014832
