epsilon,accuracy
0,0.19358834624290466
0.005,0.2285618931055069
0.01,0.2681014835834503
0.05,0.7139315605163574
