epsilon,accuracy
0,0.20004521310329437
0.005,0.2347090095281601
0.01,0.2749219834804535
0.05,0.7250864505767822
