epsilon,accuracy
0,0.2039986252784729
0.005,0.2384725660085678
0.01,0.2786349356174469
0.05,0.7480146884918213
