epsilon,accuracy
0,0.1993178427219391
0.005,0.23516783118247986
0.01,0.2774910032749176
0.05,0.7589183449745178
