epsilon,accuracy
0,0.19545234739780426
0.005,0.23032382130622864
0.01,0.26962628960609436
0.05,0.6950277090072632
