epsilon,accuracy
0,0.19321297109127045
0.005,0.2285253256559372
0.01,0.2711867690086365
0.05,0.7907894849777222
