epsilon,accuracy
0,0.194492369890213
0.005,0.22962115705013275
0.01,0.2698800265789032
0.05,0.7250102162361145
