epsilon,accuracy
0,0.19351078569889069
0.005,0.22975626587867737
0.01,0.2724531292915344
0.05,0.7669385075569153
