epsilon,accuracy
0,0.25142309069633484
0.005,0.27988380193710327
0.01,0.3119499683380127
0.05,0.679210364818573
