epsilon,accuracy
0,0.197809636592865
0.005,0.23123876750469208
0.01,0.26987752318382263
0.05,0.6905070543289185
