epsilon,accuracy
0,0.19507072865962982
0.005,0.23017418384552002
0.01,0.27085480093955994
0.05,0.7701412439346313
