epsilon,accuracy
0,0.19567656517028809
0.005,0.23019613325595856
0.01,0.27033111453056335
0.05,0.7334697842597961
