epsilon,accuracy
0,0.19505244493484497
0.005,0.23052895069122314
0.01,0.27281680703163147
0.05,0.7626432180404663
