epsilon,accuracy
0,0.19558995962142944
0.005,0.23086246848106384
0.01,0.27099332213401794
0.05,0.7419429421424866
