epsilon,accuracy
0,0.20621730387210846
0.005,0.240539088845253
0.01,0.2799813449382782
0.05,0.7160261273384094
