epsilon,accuracy
0,0.20867662131786346
0.005,0.24219077825546265
0.01,0.2802693545818329
0.05,0.715409517288208
