epsilon,accuracy
0,0.1994946151971817
0.005,0.23496095836162567
0.01,0.27663326263427734
0.05,0.7567387223243713
