epsilon,accuracy
0,0.19427494704723358
0.005,0.23084582388401031
0.01,0.2736879885196686
0.05,0.7379206418991089
