epsilon,accuracy
0,0.19673310220241547
0.005,0.23212572932243347
0.01,0.27304771542549133
0.05,0.7237813472747803
