epsilon,accuracy
0,0.20054668188095093
0.005,0.2363181859254837
0.01,0.2763882279396057
0.05,0.7218582034111023
