epsilon,accuracy
0,0.20234021544456482
0.005,0.2362043708562851
0.01,0.27473166584968567
0.05,0.7174659371376038
