epsilon,accuracy
0,0.19947363436222076
0.005,0.23564113676548004
0.01,0.2774089276790619
0.05,0.7269779443740845
