epsilon,accuracy
0,0.20038306713104248
0.005,0.23599852621555328
0.01,0.27712562680244446
0.05,0.7346965074539185
