epsilon,accuracy
0,0.20248356461524963
0.005,0.2356174886226654
0.01,0.2734706699848175
0.05,0.7123426198959351
