epsilon,accuracy
0,0.20953795313835144
0.005,0.24172838032245636
0.01,0.27841517329216003
0.05,0.7148378491401672
