epsilon,accuracy
0,0.1931505650281906
0.005,0.22752811014652252
0.01,0.2670673131942749
0.05,0.7155306935310364
