epsilon,accuracy
0,0.19818958640098572
0.005,0.232749342918396
0.01,0.271675169467926
0.05,0.7167380452156067
