epsilon,accuracy
0,0.19737595319747925
0.005,0.2319161593914032
0.01,0.27089425921440125
0.05,0.686716616153717
