epsilon,accuracy
0,0.203970804810524
0.005,0.23764337599277496
0.01,0.2758506238460541
0.05,0.7206949591636658
