epsilon,accuracy
0,0.1993115395307541
0.005,0.23244063556194305
0.01,0.2701738178730011
0.05,0.6947882771492004
