epsilon,accuracy
0,0.1966550350189209
0.005,0.23190082609653473
0.01,0.27300363779067993
0.05,0.7442877888679504
