epsilon,accuracy
0,0.20322218537330627
0.005,0.23844893276691437
0.01,0.27842095494270325
0.05,0.71192866563797
