epsilon,accuracy
0,0.2071823924779892
0.005,0.24040301144123077
0.01,0.2784450948238373
0.05,0.7005395293235779
