epsilon,accuracy
0,0.19761665165424347
0.005,0.23321574926376343
0.01,0.2741723954677582
0.05,0.7250548601150513
