epsilon,accuracy
0,0.22206950187683105
0.005,0.2512853443622589
0.01,0.2848803400993347
0.05,0.6870061159133911
