epsilon,accuracy
0,0.1972978115081787
0.005,0.23205620050430298
0.01,0.2727714478969574
0.05,0.7327561378479004
