epsilon,accuracy
0,0.1999538093805313
0.005,0.23563261330127716
0.01,0.27634990215301514
0.05,0.7372778058052063
