epsilon,accuracy
0,0.20364931225776672
0.005,0.2381671816110611
0.01,0.2781674265861511
0.05,0.7170878648757935
