epsilon,accuracy
0,0.19908049702644348
0.005,0.23248255252838135
0.01,0.2709745764732361
0.05,0.7034033536911011
