epsilon,accuracy
0,0.2088393121957779
0.005,0.2417786717414856
0.01,0.27961787581443787
0.05,0.6832683682441711
