epsilon,accuracy
0,0.19444915652275085
0.005,0.2300950586795807
0.01,0.27255165576934814
0.05,0.7645919919013977
