epsilon,accuracy
0,0.20614704489707947
0.005,0.2408757507801056
0.01,0.2796766757965088
0.05,0.714166522026062
