epsilon,accuracy
0,0.1958228349685669
0.005,0.23345451056957245
0.01,0.27526944875717163
0.05,0.7279514670372009
