epsilon,accuracy
0,0.21317902207374573
0.005,0.24503569304943085
0.01,0.28219491243362427
0.05,0.7260878086090088
