epsilon,accuracy
0,0.1995084583759308
0.005,0.2337503284215927
0.01,0.27327585220336914
0.05,0.7221329808235168
