epsilon,accuracy
0,0.1969110369682312
0.005,0.23105087876319885
0.01,0.27048131823539734
0.05,0.7199974656105042
