epsilon,accuracy
0,0.2054339200258255
0.005,0.238550066947937
0.01,0.27695226669311523
0.05,0.7134096622467041
