epsilon,accuracy
0,0.1913771778345108
0.005,0.22760243713855743
0.01,0.26960185170173645
0.05,0.7472760081291199
