epsilon,accuracy
0,0.20242014527320862
0.005,0.23739810287952423
0.01,0.27722597122192383
0.05,0.7222400903701782
