epsilon,accuracy
0,0.20053333044052124
0.005,0.23529358208179474
0.01,0.27400916814804077
0.05,0.7045698761940002
