epsilon,accuracy
0,0.19486016035079956
0.005,0.23111453652381897
0.01,0.2735354006290436
0.05,0.777214527130127
