epsilon,accuracy
0,0.20516498386859894
0.005,0.23859243094921112
0.01,0.27757728099823
0.05,0.7537339329719543
