epsilon,accuracy
0,0.19877098500728607
0.005,0.23537762463092804
0.01,0.2775152623653412
0.05,0.7419645190238953
