epsilon,accuracy
0,0.19586817920207977
0.005,0.23154346644878387
0.01,0.2717043161392212
0.05,0.7014434337615967
