epsilon,accuracy
0,0.20228372514247894
0.005,0.2370654195547104
0.01,0.27807724475860596
0.05,0.7393849492073059
