epsilon,accuracy
0,0.19972246885299683
0.005,0.2354801893234253
0.01,0.2775114178657532
0.05,0.7586220502853394
