epsilon,accuracy
0,0.1966172158718109
0.005,0.2312353253364563
0.01,0.27226653695106506
0.05,0.7504302263259888
