epsilon,accuracy
0,0.2013830840587616
0.005,0.23403994739055634
0.01,0.2714158296585083
0.05,0.7075633406639099
