epsilon,accuracy
0,0.20298950374126434
0.005,0.23716333508491516
0.01,0.2767311632633209
0.05,0.7386668920516968
