epsilon,accuracy
0,0.1975671499967575
0.005,0.231853187084198
0.01,0.27072274684906006
0.05,0.690713107585907
