epsilon,accuracy
0,0.19473963975906372
0.005,0.23161549866199493
0.01,0.2735431492328644
0.05,0.7350260615348816
