epsilon,accuracy
0,0.19934405386447906
0.005,0.23398275673389435
0.01,0.27373936772346497
0.05,0.7046658992767334
