epsilon,accuracy
0,0.19348463416099548
0.005,0.229585662484169
0.01,0.27257856726646423
0.05,0.7889930009841919
