epsilon,accuracy
0,0.19801557064056396
0.005,0.23210763931274414
0.01,0.27092069387435913
0.05,0.7220609188079834
