epsilon,accuracy
0,0.20547419786453247
0.005,0.23927907645702362
0.01,0.2784034311771393
0.05,0.7270057797431946
