epsilon,accuracy
0,0.1967950016260147
0.005,0.23201590776443481
0.01,0.2719840109348297
0.05,0.7176942825317383
