epsilon,accuracy
0,0.21333537995815277
0.005,0.24573831260204315
0.01,0.28305894136428833
0.05,0.7095792293548584
