epsilon,accuracy
0,0.21422545611858368
0.005,0.24712812900543213
0.01,0.28452426195144653
0.05,0.7085989713668823
