epsilon,accuracy
0,0.195701003074646
0.005,0.23092769086360931
0.01,0.2726176381111145
0.05,0.7385691404342651
