epsilon,accuracy
0,0.20230785012245178
0.005,0.23720914125442505
0.01,0.2775406837463379
0.05,0.7348538637161255
