epsilon,accuracy
0,0.19734080135822296
0.005,0.23154281079769135
0.01,0.27078425884246826
0.05,0.7039861083030701
