epsilon,accuracy
0,0.1966690570116043
0.005,0.23233573138713837
0.01,0.27371156215667725
0.05,0.7600648999214172
