epsilon,accuracy
0,0.19489111006259918
0.005,0.230778306722641
0.01,0.273799866437912
0.05,0.7390426993370056
