epsilon,accuracy
0,0.19529002904891968
0.005,0.23025164008140564
0.01,0.2702258825302124
0.05,0.7091137766838074
