epsilon,accuracy
0,0.1965755820274353
0.005,0.22993013262748718
0.01,0.26946768164634705
0.05,0.7076963186264038
