epsilon,accuracy
0,0.19923874735832214
0.005,0.23569341003894806
0.01,0.27773410081863403
0.05,0.7609501481056213
