epsilon,accuracy
0,0.19678881764411926
0.005,0.23119309544563293
0.01,0.27125880122184753
0.05,0.7291646599769592
