epsilon,accuracy
0,0.21305985748767853
0.005,0.24599429965019226
0.01,0.28372856974601746
0.05,0.7393430471420288
