epsilon,accuracy
0,0.19668827950954437
0.005,0.23125658929347992
0.01,0.2707045376300812
0.05,0.7029775977134705
