epsilon,accuracy
0,0.19821731746196747
0.005,0.23367999494075775
0.01,0.2740705907344818
0.05,0.7084022760391235
