epsilon,accuracy
0,0.19809189438819885
0.005,0.23179152607917786
0.01,0.27046602964401245
0.05,0.7235878705978394
