epsilon,accuracy
0,0.1969694048166275
0.005,0.23183338344097137
0.01,0.2719312012195587
0.05,0.7339710593223572
