epsilon,accuracy
0,0.19864733517169952
0.005,0.23305915296077728
0.01,0.27386200428009033
0.05,0.7561225891113281
