epsilon,accuracy
0,0.19668057560920715
0.005,0.23210002481937408
0.01,0.2724333107471466
0.05,0.6855456233024597
