epsilon,accuracy
0,0.19889718294143677
0.005,0.23409220576286316
0.01,0.274914026260376
0.05,0.7054217457771301
