epsilon,accuracy
0,0.19617308676242828
0.005,0.23067030310630798
0.01,0.26928412914276123
0.05,0.7211610078811646
