epsilon,accuracy
0,0.1959896683692932
0.005,0.23072202503681183
0.01,0.2708591818809509
0.05,0.7075605392456055
