epsilon,accuracy
0,0.19274598360061646
0.005,0.22932177782058716
0.01,0.2723414897918701
0.05,0.7742555141448975
