epsilon,accuracy
0,0.19741849601268768
0.005,0.23221290111541748
0.01,0.2722034156322479
0.05,0.6975896954536438
