epsilon,accuracy
0,0.19862084090709686
0.005,0.23389971256256104
0.01,0.274483859539032
0.05,0.7244795560836792
