epsilon,accuracy
0,0.19759473204612732
0.005,0.23303380608558655
0.01,0.274286150932312
0.05,0.7350645065307617
