epsilon,accuracy
0,0.20030608773231506
0.005,0.23722241818904877
0.01,0.28002458810806274
0.05,0.7612749338150024
