epsilon,accuracy
0,0.20564045011997223
0.005,0.2406182885169983
0.01,0.2808264195919037
0.05,0.7266508340835571
