epsilon,accuracy
0,0.19705051183700562
0.005,0.2314550131559372
0.01,0.27115288376808167
0.05,0.7219557166099548
