epsilon,accuracy
0,0.19849242269992828
0.005,0.23462587594985962
0.01,0.27619144320487976
0.05,0.7234009504318237
