epsilon,accuracy
0,0.19427046179771423
0.005,0.23106370866298676
0.01,0.2738257050514221
0.05,0.7503319978713989
