epsilon,accuracy
0,0.20855262875556946
0.005,0.24310970306396484
0.01,0.28213822841644287
0.05,0.7231149673461914
