epsilon,accuracy
0,0.19706687331199646
0.005,0.23260828852653503
0.01,0.27239087224006653
0.05,0.6974692940711975
