epsilon,accuracy
0,0.19810083508491516
0.005,0.2337646782398224
0.01,0.27482113242149353
0.05,0.6935847401618958
