epsilon,accuracy
0,0.21236158907413483
0.005,0.2463226169347763
0.01,0.2849065363407135
0.05,0.7388659119606018
