epsilon,accuracy
0,0.19584667682647705
0.005,0.23050926625728607
0.01,0.2711676061153412
0.05,0.7423309683799744
