epsilon,accuracy
0,0.19836284220218658
0.005,0.23249207437038422
0.01,0.27128809690475464
0.05,0.7015885710716248
