epsilon,accuracy
0,0.1974688023328781
0.005,0.2312067598104477
0.01,0.26981452107429504
0.05,0.7174050807952881
