epsilon,accuracy
0,0.19858530163764954
0.005,0.23290185630321503
0.01,0.2729383409023285
0.05,0.7233296632766724
