epsilon,accuracy
0,0.2168288677930832
0.005,0.24913692474365234
0.01,0.28603464365005493
0.05,0.7107229232788086
