epsilon,accuracy
0,0.20266297459602356
0.005,0.2363303154706955
0.01,0.2751188278198242
0.05,0.7129471302032471
