epsilon,accuracy
0,0.20056675374507904
0.005,0.2368953973054886
0.01,0.27909281849861145
0.05,0.7486410737037659
