epsilon,accuracy
0,0.19709427654743195
0.005,0.23331812024116516
0.01,0.2753584384918213
0.05,0.7636602520942688
