epsilon,accuracy
0,0.1998182237148285
0.005,0.2343924194574356
0.01,0.27516379952430725
0.05,0.730405867099762
