epsilon,accuracy
0,0.21787534654140472
0.005,0.2476000189781189
0.01,0.2819167673587799
0.05,0.6840882897377014
