epsilon,accuracy
0,0.20022505521774292
0.005,0.23482732474803925
0.01,0.2750726640224457
0.05,0.7298723459243774
