epsilon,accuracy
0,0.2066633254289627
0.005,0.24107328057289124
0.01,0.2812820374965668
0.05,0.750686764717102
