epsilon,accuracy
0,0.1956593096256256
0.005,0.2303658127784729
0.01,0.2715688645839691
0.05,0.7422171831130981
