epsilon,accuracy
0,0.1941998451948166
0.005,0.22882188856601715
0.01,0.26883944869041443
0.05,0.7144662141799927
