epsilon,accuracy
0,0.1969379037618637
0.005,0.23251770436763763
0.01,0.27328628301620483
0.05,0.7418644428253174
