epsilon,accuracy
0,0.19474104046821594
0.005,0.23006129264831543
0.01,0.2709410786628723
0.05,0.7157289981842041
