epsilon,accuracy
0,0.19732476770877838
0.005,0.23164857923984528
0.01,0.2704823911190033
0.05,0.6943206787109375
