epsilon,accuracy
0,0.1964157223701477
0.005,0.23081257939338684
0.01,0.269321471452713
0.05,0.6964423656463623
