epsilon,accuracy
0,0.19831518828868866
0.005,0.23319099843502045
0.01,0.27309438586235046
0.05,0.7325214743614197
