epsilon,accuracy
0,0.1927548199892044
0.005,0.2279493510723114
0.01,0.26954951882362366
0.05,0.7167902588844299
