epsilon,accuracy
0,0.19335049390792847
0.005,0.22932316362857819
0.01,0.2704768776893616
0.05,0.7207945585250854
