epsilon,accuracy
0,0.20642369985580444
0.005,0.23876923322677612
0.01,0.2756376564502716
0.05,0.7016975283622742
