epsilon,accuracy
0,0.1937292516231537
0.005,0.22941270470619202
0.01,0.2717202305793762
0.05,0.7726367115974426
