epsilon,accuracy
0,0.19787994027137756
0.005,0.23327742516994476
0.01,0.273969441652298
0.05,0.7547563314437866
