epsilon,accuracy
0,0.20544394850730896
0.005,0.2411172240972519
0.01,0.283302903175354
0.05,0.767518162727356
