epsilon,accuracy
0,0.19864311814308167
0.005,0.23363415896892548
0.01,0.2738344073295593
0.05,0.7184352278709412
