epsilon,accuracy
0,0.19394591450691223
0.005,0.22986873984336853
0.01,0.27266576886177063
0.05,0.7421916127204895
