epsilon,accuracy
0,0.19493776559829712
0.005,0.23185762763023376
0.01,0.2748153507709503
0.05,0.7588567137718201
