epsilon,accuracy
0,0.196855828166008
0.005,0.23181107640266418
0.01,0.2723487317562103
0.05,0.7294060587882996
