epsilon,accuracy
0,0.20403188467025757
0.005,0.23938614130020142
0.01,0.27933424711227417
0.05,0.7333369255065918
