epsilon,accuracy
0,0.1971639096736908
0.005,0.23319269716739655
0.01,0.27496248483657837
0.05,0.7440764904022217
