epsilon,accuracy
0,0.19781029224395752
0.005,0.2353336662054062
0.01,0.2777891457080841
0.05,0.717947781085968
