epsilon,accuracy
0,0.19359135627746582
0.005,0.22711580991744995
0.01,0.2669495642185211
0.05,0.7383260130882263
