epsilon,accuracy
0,0.19657234847545624
0.005,0.229766845703125
0.01,0.2684304714202881
0.05,0.7096198201179504
