epsilon,accuracy
0,0.19706951081752777
0.005,0.23201501369476318
0.01,0.2724500000476837
0.05,0.716427206993103
