epsilon,accuracy
0,0.1958606094121933
0.005,0.23075006902217865
0.01,0.2711949348449707
0.05,0.7514868378639221
