epsilon,accuracy
0,0.20174886286258698
0.005,0.23559075593948364
0.01,0.2736718952655792
0.05,0.7113358974456787
