epsilon,accuracy
0,0.19506414234638214
0.005,0.23006950318813324
0.01,0.27197471261024475
0.05,0.7697103023529053
