epsilon,accuracy
0,0.22222518920898438
0.005,0.25079917907714844
0.01,0.28324437141418457
0.05,0.6655402779579163
