epsilon,accuracy
0,0.19680625200271606
0.005,0.232094869017601
0.01,0.272371768951416
0.05,0.7040030360221863
