epsilon,accuracy
0,0.19811095297336578
0.005,0.233301043510437
0.01,0.27453726530075073
0.05,0.7592225670814514
