epsilon,accuracy
0,0.2043728232383728
0.005,0.23928889632225037
0.01,0.2785097360610962
0.05,0.7377896308898926
