epsilon,accuracy
0,0.20202714204788208
0.005,0.23775696754455566
0.01,0.2785990536212921
0.05,0.7339333891868591
