epsilon,accuracy
0,0.19388870894908905
0.005,0.22982095181941986
0.01,0.27220866084098816
0.05,0.7425430417060852
