epsilon,accuracy
0,0.19604478776454926
0.005,0.23141548037528992
0.01,0.2724858224391937
0.05,0.7539376616477966
