epsilon,accuracy
0,0.19497448205947876
0.005,0.23094329237937927
0.01,0.2730362117290497
0.05,0.7302590608596802
