epsilon,accuracy
0,0.19199062883853912
0.005,0.228957861661911
0.01,0.2718493640422821
0.05,0.7531051635742188
