epsilon,accuracy
0,0.19786958396434784
0.005,0.23193414509296417
0.01,0.27132517099380493
0.05,0.7173483371734619
