epsilon,accuracy
0,0.20508724451065063
0.005,0.23890937864780426
0.01,0.27742815017700195
0.05,0.701043426990509
