epsilon,accuracy
0,0.19636665284633636
0.005,0.23063266277313232
0.01,0.2692517936229706
0.05,0.7042749524116516
