epsilon,accuracy
0,0.20950956642627716
0.005,0.24374672770500183
0.01,0.28277942538261414
0.05,0.7366769313812256
