epsilon,accuracy
0,0.19610373675823212
0.005,0.23107914626598358
0.01,0.27183088660240173
0.05,0.7345892190933228
