epsilon,accuracy
0,0.2017754763364792
0.005,0.23750707507133484
0.01,0.2789093852043152
0.05,0.76141756772995
