epsilon,accuracy
0,0.2003442347049713
0.005,0.2369077205657959
0.01,0.27836233377456665
0.05,0.7387726306915283
