epsilon,accuracy
0,0.1978701502084732
0.005,0.23260128498077393
0.01,0.27197104692459106
0.05,0.6994466781616211
