epsilon,accuracy
0,0.19371357560157776
0.005,0.22930499911308289
0.01,0.27153587341308594
0.05,0.7754654884338379
