epsilon,accuracy
0,0.19709697365760803
0.005,0.23026292026042938
0.01,0.26872360706329346
0.05,0.7110791802406311
