epsilon,accuracy
0,0.19646967947483063
0.005,0.2310527265071869
0.01,0.2712011933326721
0.05,0.7255896925926208
