epsilon,accuracy
0,0.19477243721485138
0.005,0.23000799119472504
0.01,0.27192819118499756
0.05,0.7310569882392883
