epsilon,accuracy
0,0.20794668793678284
0.005,0.24139319360256195
0.01,0.279031902551651
0.05,0.6912970542907715
