epsilon,accuracy
0,0.19687259197235107
0.005,0.2320251762866974
0.01,0.27223411202430725
0.05,0.7305771708488464
