epsilon,accuracy
0,0.2047722041606903
0.005,0.2387586086988449
0.01,0.2772207260131836
0.05,0.7016822695732117
