epsilon,accuracy
0,0.1973617523908615
0.005,0.2329801321029663
0.01,0.2740568220615387
0.05,0.7344369888305664
