epsilon,accuracy
0,0.20301927626132965
0.005,0.23765841126441956
0.01,0.2765327990055084
0.05,0.7206065058708191
