epsilon,accuracy
0,0.1977624148130417
0.005,0.23264510929584503
0.01,0.27361711859703064
0.05,0.7172916531562805
