epsilon,accuracy
0,0.19783030450344086
0.005,0.23330922424793243
0.01,0.27497637271881104
0.05,0.7491939663887024
