epsilon,accuracy
0,0.20097602903842926
0.005,0.23535114526748657
0.01,0.2746306359767914
0.05,0.7105065584182739
