epsilon,accuracy
0,0.22073088586330414
0.005,0.2501130700111389
0.01,0.2837514877319336
0.05,0.6842225790023804
