epsilon,accuracy
0,0.19498971104621887
0.005,0.22964990139007568
0.01,0.26902109384536743
0.05,0.7082955241203308
