epsilon,accuracy
0,0.19866564869880676
0.005,0.23273365199565887
0.01,0.27171361446380615
0.05,0.6888468265533447
