epsilon,accuracy
0,0.20254170894622803
0.005,0.23717238008975983
0.01,0.276445209980011
0.05,0.7216606140136719
