epsilon,accuracy
0,0.19662180542945862
0.005,0.23164613544940948
0.01,0.27266767621040344
0.05,0.749734103679657
