epsilon,accuracy
0,0.2011258900165558
0.005,0.23586329817771912
0.01,0.275579571723938
0.05,0.7295233011245728
