epsilon,accuracy
0,0.19442947208881378
0.005,0.22976385056972504
0.01,0.27128952741622925
0.05,0.7430202960968018
