epsilon,accuracy
0,0.20068179070949554
0.005,0.23703399300575256
0.01,0.27851659059524536
0.05,0.7584460973739624
