epsilon,accuracy
0,0.19894619286060333
0.005,0.23480379581451416
0.01,0.2762584686279297
0.05,0.7414394021034241
