epsilon,accuracy
0,0.19526588916778564
0.005,0.23127171397209167
0.01,0.2737294137477875
0.05,0.773250937461853
