epsilon,accuracy
0,0.19656434655189514
0.005,0.23020322620868683
0.01,0.26876506209373474
0.05,0.7140440344810486
