epsilon,accuracy
0,0.1905510425567627
0.005,0.22684842348098755
0.01,0.26888373494148254
0.05,0.7355318665504456
