epsilon,accuracy
0,0.2030339241027832
0.005,0.23861195147037506
0.01,0.2798122763633728
0.05,0.7440579533576965
