epsilon,accuracy
0,0.19439034163951874
0.005,0.2300381064414978
0.01,0.2716537415981293
0.05,0.7204105854034424
