epsilon,accuracy
0,0.2055816352367401
0.005,0.24108321964740753
0.01,0.28195372223854065
0.05,0.7577902674674988
