epsilon,accuracy
0,0.19654586911201477
0.005,0.23224714398384094
0.01,0.2739841639995575
0.05,0.7595617175102234
