epsilon,accuracy
0,0.19542673230171204
0.005,0.23166154325008392
0.01,0.2745554745197296
0.05,0.7421849370002747
