epsilon,accuracy
0,0.1941039264202118
0.005,0.22804275155067444
0.01,0.2676330804824829
0.05,0.7204303741455078
