epsilon,accuracy
0,0.20627962052822113
0.005,0.24133460223674774
0.01,0.28167715668678284
0.05,0.7379558682441711
