epsilon,accuracy
0,0.20268885791301727
0.005,0.23582178354263306
0.01,0.27410462498664856
0.05,0.7076921463012695
