epsilon,accuracy
0,0.20050382614135742
0.005,0.23486390709877014
0.01,0.27429935336112976
0.05,0.7203077077865601
