epsilon,accuracy
0,0.19531406462192535
0.005,0.23066771030426025
0.01,0.27215975522994995
0.05,0.769361138343811
