epsilon,accuracy
0,0.19650959968566895
0.005,0.23184123635292053
0.01,0.2729944586753845
0.05,0.7630590200424194
