epsilon,accuracy
0,0.19972217082977295
0.005,0.2361721694469452
0.01,0.2783593535423279
0.05,0.7408708930015564
