epsilon,accuracy
0,0.19661974906921387
0.005,0.2316811978816986
0.01,0.27214959263801575
0.05,0.7232314944267273
