epsilon,accuracy
0,0.21435818076133728
0.005,0.2462652623653412
0.01,0.28296783566474915
0.05,0.7079532742500305
