epsilon,accuracy
0,0.2057829052209854
0.005,0.23902153968811035
0.01,0.27748769521713257
0.05,0.7043209671974182
