epsilon,accuracy
0,0.1974649727344513
0.005,0.23217786848545074
0.01,0.2718345522880554
0.05,0.706938624382019
