epsilon,accuracy
0,0.20137162506580353
0.005,0.23516234755516052
0.01,0.27381134033203125
0.05,0.7007543444633484
