epsilon,accuracy
0,0.19634783267974854
0.005,0.23158638179302216
0.01,0.27119195461273193
0.05,0.6966174244880676
