epsilon,accuracy
0,0.2016170471906662
0.005,0.23656029999256134
0.01,0.2768714427947998
0.05,0.7321680188179016
