epsilon,accuracy
0,0.19237002730369568
0.005,0.22934620082378387
0.01,0.27231884002685547
0.05,0.7579971551895142
