epsilon,accuracy
0,0.20184439420700073
0.005,0.23625925183296204
0.01,0.2758309543132782
0.05,0.7184489369392395
