epsilon,accuracy
0,0.20033259689807892
0.005,0.23482084274291992
0.01,0.2744666337966919
0.05,0.7090213894844055
