epsilon,accuracy
0,0.19752728939056396
0.005,0.2327590137720108
0.01,0.27232590317726135
0.05,0.7193638682365417
