epsilon,accuracy
0,0.20102664828300476
0.005,0.23511280119419098
0.01,0.2749868631362915
0.05,0.7371362447738647
