epsilon,accuracy
0,0.20018847286701202
0.005,0.2343701720237732
0.01,0.27434882521629333
0.05,0.721856415271759
