epsilon,accuracy
0,0.19761796295642853
0.005,0.23302389681339264
0.01,0.27434226870536804
0.05,0.7439106702804565
