epsilon,accuracy
0,0.1962355673313141
0.005,0.23040905594825745
0.01,0.2705344259738922
0.05,0.7142717242240906
