epsilon,accuracy
0,0.19897779822349548
0.005,0.23381146788597107
0.01,0.2746666669845581
0.05,0.7365296483039856
