epsilon,accuracy
0,0.19528250396251678
0.005,0.23124472796916962
0.01,0.27368539571762085
0.05,0.7395583391189575
