epsilon,accuracy
0,0.19946596026420593
0.005,0.23252339661121368
0.01,0.27069273591041565
0.05,0.696394681930542
