epsilon,accuracy
0,0.20535358786582947
0.005,0.23893387615680695
0.01,0.2764986753463745
0.05,0.6994221806526184
