epsilon,accuracy
0,0.20030714571475983
0.005,0.2355796992778778
0.01,0.27612751722335815
0.05,0.7328047752380371
