epsilon,accuracy
0,0.19829261302947998
0.005,0.23299816250801086
0.01,0.27220797538757324
0.05,0.7214206457138062
