epsilon,accuracy
0,0.20928381383419037
0.005,0.2411346137523651
0.01,0.2776845395565033
0.05,0.697381317615509
