epsilon,accuracy
0,0.21255959570407867
0.005,0.24643369019031525
0.01,0.28533491492271423
0.05,0.7564109563827515
