epsilon,accuracy
0,0.1989368498325348
0.005,0.231622114777565
0.01,0.26870545744895935
0.05,0.6924130916595459
