epsilon,accuracy
0,0.19471725821495056
0.005,0.2310277372598648
0.01,0.27370747923851013
0.05,0.7173336148262024
