epsilon,accuracy
0,0.19669298827648163
0.005,0.23231196403503418
0.01,0.2734774351119995
0.05,0.7415110468864441
