epsilon,accuracy
0,0.20424875617027283
0.005,0.23843732476234436
0.01,0.2778107821941376
0.05,0.7065255641937256
