epsilon,accuracy
0,0.20894604921340942
0.005,0.2423381209373474
0.01,0.28092339634895325
0.05,0.7465047836303711
