epsilon,accuracy
0,0.2000034749507904
0.005,0.23461484909057617
0.01,0.27449217438697815
0.05,0.7131799459457397
