epsilon,accuracy
0,0.19660431146621704
0.005,0.23170283436775208
0.01,0.27044618129730225
0.05,0.707172155380249
