epsilon,accuracy
0,0.21042118966579437
0.005,0.24408204853534698
0.01,0.2817682921886444
0.05,0.6989139318466187
