epsilon,accuracy
0,0.19662147760391235
0.005,0.23099163174629211
0.01,0.2706811726093292
0.05,0.716463029384613
