epsilon,accuracy
0,0.19198179244995117
0.005,0.22866268455982208
0.01,0.2709958553314209
0.05,0.7447795271873474
