epsilon,accuracy
0,0.19595547020435333
0.005,0.23056018352508545
0.01,0.27017682790756226
0.05,0.7024019360542297
