epsilon,accuracy
0,0.1988222897052765
0.005,0.23540674149990082
0.01,0.27865666151046753
0.05,0.7774117588996887
