epsilon,accuracy
0,0.19693663716316223
0.005,0.23309029638767242
0.01,0.27458521723747253
0.05,0.742409348487854
