epsilon,accuracy
0,0.19664031267166138
0.005,0.2313738763332367
0.01,0.2711208164691925
0.05,0.6918099522590637
