epsilon,accuracy
0,0.1980288028717041
0.005,0.23245224356651306
0.01,0.2715801000595093
0.05,0.6975722312927246
