epsilon,accuracy
0,0.19509026408195496
0.005,0.2303583323955536
0.01,0.2711794376373291
0.05,0.7126674056053162
