epsilon,accuracy
0,0.1965940296649933
0.005,0.2310725748538971
0.01,0.27030810713768005
0.05,0.6974754333496094
