epsilon,accuracy
0,0.19885124266147614
0.005,0.23403732478618622
0.01,0.2748740017414093
0.05,0.7374477982521057
