epsilon,accuracy
0,0.19542787969112396
0.005,0.2305336594581604
0.01,0.2724272906780243
0.05,0.7718493938446045
