epsilon,accuracy
0,0.19957830011844635
0.005,0.2322571724653244
0.01,0.26972100138664246
0.05,0.6964373588562012
