epsilon,accuracy
0,0.2386368215084076
0.005,0.2691582441329956
0.01,0.3039613962173462
0.05,0.7071555852890015
