epsilon,accuracy
0,0.19100522994995117
0.005,0.2269263118505478
0.01,0.2693566083908081
0.05,0.7722215056419373
