epsilon,accuracy
0,0.20556698739528656
0.005,0.2389962375164032
0.01,0.2770155668258667
0.05,0.7094912528991699
