epsilon,accuracy
0,0.20463696122169495
0.005,0.2383882999420166
0.01,0.2770819365978241
0.05,0.7193924188613892
