epsilon,accuracy
0,0.22013896703720093
0.005,0.25225260853767395
0.01,0.28908994793891907
0.05,0.7122679352760315
