epsilon,accuracy
0,0.19698910415172577
0.005,0.23142552375793457
0.01,0.2705463469028473
0.05,0.700158417224884
