epsilon,accuracy
0,0.20151697099208832
0.005,0.23698362708091736
0.01,0.278190553188324
0.05,0.7617300152778625
