epsilon,accuracy
0,0.19328555464744568
0.005,0.2295510619878769
0.01,0.27189022302627563
0.05,0.7492873072624207
