epsilon,accuracy
0,0.2133447825908661
0.005,0.24686996638774872
0.01,0.285662442445755
0.05,0.729684054851532
