epsilon,accuracy
0,0.19918593764305115
0.005,0.23544111847877502
0.01,0.27739962935447693
0.05,0.7429039478302002
