epsilon,accuracy
0,0.20834413170814514
0.005,0.24194981157779694
0.01,0.2798480987548828
0.05,0.72871994972229
