epsilon,accuracy
0,0.21327629685401917
0.005,0.245846688747406
0.01,0.2830805480480194
0.05,0.7236471772193909
