epsilon,accuracy
0,0.20065416395664215
0.005,0.23497188091278076
0.01,0.2739247977733612
0.05,0.717314600944519
