epsilon,accuracy
0,0.197099506855011
0.005,0.23111821711063385
0.01,0.2705729603767395
0.05,0.7248040437698364
