epsilon,accuracy
0,0.1991804838180542
0.005,0.2332402765750885
0.01,0.27191439270973206
0.05,0.7070920467376709
