epsilon,accuracy
0,0.1996544897556305
0.005,0.23592638969421387
0.01,0.27744707465171814
0.05,0.7364016175270081
