epsilon,accuracy
0,0.19612842798233032
0.005,0.23162397742271423
0.01,0.2713836133480072
0.05,0.7164673209190369
