epsilon,accuracy
0,0.19996903836727142
0.005,0.23466503620147705
0.01,0.2743372917175293
0.05,0.7145872712135315
