epsilon,accuracy
0,0.20523369312286377
0.005,0.23901204764842987
0.01,0.2771100103855133
0.05,0.7001081109046936
