epsilon,accuracy
0,0.1967639923095703
0.005,0.23119428753852844
0.01,0.2703418731689453
0.05,0.7178158164024353
