epsilon,accuracy
0,0.20162273943424225
0.005,0.2371213734149933
0.01,0.2777651846408844
0.05,0.7358741760253906
