epsilon,accuracy
0,0.1968897134065628
0.005,0.23201698064804077
0.01,0.27196070551872253
0.05,0.7062962055206299
