epsilon,accuracy
0,0.19981925189495087
0.005,0.23537179827690125
0.01,0.27575257420539856
0.05,0.7425087690353394
