epsilon,accuracy
0,0.1893726885318756
0.005,0.22507211565971375
0.01,0.2671012282371521
0.05,0.7388692498207092
