epsilon,accuracy
0,0.1997465342283249
0.005,0.2336677759885788
0.01,0.2730685770511627
0.05,0.7099666595458984
