epsilon,accuracy
0,0.19529706239700317
0.005,0.22952117025852203
0.01,0.270220011472702
0.05,0.7138438820838928
