epsilon,accuracy
0,0.20101545751094818
0.005,0.23548683524131775
0.01,0.27503371238708496
0.05,0.726348876953125
