epsilon,accuracy
0,0.19949539005756378
0.005,0.23470288515090942
0.01,0.2758270502090454
0.05,0.7290882468223572
