epsilon,accuracy
0,0.19954846799373627
0.005,0.23255738615989685
0.01,0.2705719769001007
0.05,0.6974188685417175
