epsilon,accuracy
0,0.19920171797275543
0.005,0.2339177131652832
0.01,0.27382707595825195
0.05,0.6957083940505981
