epsilon,accuracy
0,0.19960515201091766
0.005,0.23385711014270782
0.01,0.27269047498703003
0.05,0.7075875401496887
