epsilon,accuracy
0,0.19823110103607178
0.005,0.23378416895866394
0.01,0.2747039198875427
0.05,0.7305885553359985
