epsilon,accuracy
0,0.2020348459482193
0.005,0.23642124235630035
0.01,0.27533379197120667
0.05,0.6859816908836365
