epsilon,accuracy
0,0.20017476379871368
0.005,0.23494209349155426
0.01,0.27456527948379517
0.05,0.684600830078125
