epsilon,accuracy
0,0.20438866317272186
0.005,0.23700019717216492
0.01,0.2742125689983368
0.05,0.702862560749054
