epsilon,accuracy
0,0.1990557461977005
0.005,0.23467648029327393
0.01,0.2744934856891632
0.05,0.7110082507133484
