epsilon,accuracy
0,0.19614644348621368
0.005,0.230179101228714
0.01,0.2697471082210541
0.05,0.7257955074310303
