epsilon,accuracy
0,0.19690808653831482
0.005,0.23141300678253174
0.01,0.27063727378845215
0.05,0.6995748281478882
