epsilon,accuracy
0,0.199013352394104
0.005,0.23397767543792725
0.01,0.2729601562023163
0.05,0.7127069234848022
