epsilon,accuracy
0,0.19683393836021423
0.005,0.23307792842388153
0.01,0.27471309900283813
0.05,0.7392407059669495
