epsilon,accuracy
0,0.2132427841424942
0.005,0.2469162940979004
0.01,0.2858278751373291
0.05,0.7437799572944641
