epsilon,accuracy
0,0.2892122268676758
0.005,0.31346696615219116
0.01,0.3398384749889374
0.05,0.617077112197876
