epsilon,accuracy
0,0.19938074052333832
0.005,0.2334941029548645
0.01,0.2723250389099121
0.05,0.705967366695404
