epsilon,accuracy
0,0.20140649378299713
0.005,0.23645001649856567
0.01,0.27568691968917847
0.05,0.6904425024986267
