epsilon,accuracy
0,0.20863360166549683
0.005,0.24210381507873535
0.01,0.2807745933532715
0.05,0.7202046513557434
