epsilon,accuracy
0,0.2030930072069168
0.005,0.23636259138584137
0.01,0.27444103360176086
0.05,0.7245466709136963
