epsilon,accuracy
0,0.19811341166496277
0.005,0.23275144398212433
0.01,0.2723369598388672
0.05,0.7181413173675537
