epsilon,accuracy
0,0.20041468739509583
0.005,0.23608513176441193
0.01,0.27748262882232666
0.05,0.7511343955993652
