epsilon,accuracy
0,0.198309525847435
0.005,0.2323583960533142
0.01,0.2716539204120636
0.05,0.7224637866020203
