epsilon,accuracy
0,0.192997545003891
0.005,0.22960440814495087
0.01,0.27238404750823975
0.05,0.7493264079093933
