epsilon,accuracy
0,0.20565150678157806
0.005,0.24089759588241577
0.01,0.2802140414714813
0.05,0.7316657900810242
