epsilon,accuracy
0,0.19874368607997894
0.005,0.23336967825889587
0.01,0.2737191915512085
0.05,0.7265502214431763
