epsilon,accuracy
0,0.1920146495103836
0.005,0.22877490520477295
0.01,0.2707609236240387
0.05,0.7391868829727173
