epsilon,accuracy
0,0.19706183671951294
0.005,0.23252053558826447
0.01,0.2731374204158783
0.05,0.6991121768951416
