epsilon,accuracy
0,0.19701707363128662
0.005,0.23221151530742645
0.01,0.2726391851902008
0.05,0.7140395045280457
