epsilon,accuracy
0,0.1989244818687439
0.005,0.23440958559513092
0.01,0.27498072385787964
0.05,0.7015589475631714
