epsilon,accuracy
0,0.20176883041858673
0.005,0.23389513790607452
0.01,0.2705540657043457
0.05,0.6894556879997253
