epsilon,accuracy
0,0.1979445517063141
0.005,0.23242716491222382
0.01,0.2715579867362976
0.05,0.7299256920814514
