epsilon,accuracy
0,0.20514817535877228
0.005,0.2402283102273941
0.01,0.28118896484375
0.05,0.7720736861228943
