epsilon,accuracy
0,0.19542010128498077
0.005,0.2312900424003601
0.01,0.2729538381099701
0.05,0.7703380584716797
