epsilon,accuracy
0,0.19868765771389008
0.005,0.23345258831977844
0.01,0.2735544741153717
0.05,0.699783205986023
