epsilon,accuracy
0,0.19650274515151978
0.005,0.2322404533624649
0.01,0.27400368452072144
0.05,0.7579847574234009
