epsilon,accuracy
0,0.19437618553638458
0.005,0.22958406805992126
0.01,0.2702310085296631
0.05,0.7451104521751404
