epsilon,accuracy
0,0.19907192885875702
0.005,0.23444393277168274
0.01,0.274808794260025
0.05,0.7047225832939148
