epsilon,accuracy
0,0.19462759792804718
0.005,0.2296026647090912
0.01,0.269657701253891
0.05,0.7111611366271973
