epsilon,accuracy
0,0.20154456794261932
0.005,0.23658734560012817
0.01,0.27635836601257324
0.05,0.7150176763534546
