epsilon,accuracy
0,0.19620351493358612
0.005,0.23163530230522156
0.01,0.2729531228542328
0.05,0.7579731345176697
