epsilon,accuracy
0,0.26096636056900024
0.005,0.2885642349720001
0.01,0.319620817899704
0.05,0.6677477359771729
