epsilon,accuracy
0,0.19197165966033936
0.005,0.22786827385425568
0.01,0.2699744403362274
0.05,0.774053692817688
