epsilon,accuracy
0,0.20802949368953705
0.005,0.24275219440460205
0.01,0.2832674980163574
0.05,0.7449678778648376
