epsilon,accuracy
0,0.19844920933246613
0.005,0.2343979924917221
0.01,0.2766370177268982
0.05,0.7299718260765076
