epsilon,accuracy
0,0.19629861414432526
0.005,0.23137414455413818
0.01,0.27206626534461975
0.05,0.7458568215370178
