epsilon,accuracy
0,0.19679032266139984
0.005,0.2327130287885666
0.01,0.2747238874435425
0.05,0.767729640007019
