epsilon,accuracy
0,0.19979864358901978
0.005,0.23235787451267242
0.01,0.2701159417629242
0.05,0.6968479752540588
