epsilon,accuracy
0,0.24493904411792755
0.005,0.2739391028881073
0.01,0.30675068497657776
0.05,0.6822333931922913
