epsilon,accuracy
0,0.19472192227840424
0.005,0.22978316247463226
0.01,0.2707701623439789
0.05,0.7469348907470703
