epsilon,accuracy
0,0.20534160733222961
0.005,0.2376653552055359
0.01,0.27514877915382385
0.05,0.7110335230827332
