epsilon,accuracy
0,0.19269822537899017
0.005,0.22766992449760437
0.01,0.26754888892173767
0.05,0.7341126203536987
