epsilon,accuracy
0,0.20111216604709625
0.005,0.23796014487743378
0.01,0.2806302309036255
0.05,0.7524508833885193
