epsilon,accuracy
0,0.1926073431968689
0.005,0.22726935148239136
0.01,0.26770609617233276
0.05,0.7125285863876343
