epsilon,accuracy
0,0.19714173674583435
0.005,0.23343615233898163
0.01,0.27504172921180725
0.05,0.7343543767929077
