epsilon,accuracy
0,0.19852474331855774
0.005,0.23382814228534698
0.01,0.27526193857192993
0.05,0.7650123834609985
