epsilon,accuracy
0,0.19420666992664337
0.005,0.23041176795959473
0.01,0.27302485704421997
0.05,0.7455449104309082
