epsilon,accuracy
0,0.20095664262771606
0.005,0.23613804578781128
0.01,0.277112752199173
0.05,0.7664386630058289
