epsilon,accuracy
0,0.19685077667236328
0.005,0.23247861862182617
0.01,0.27406471967697144
0.05,0.7635998725891113
