epsilon,accuracy
0,0.19964665174484253
0.005,0.23268426954746246
0.01,0.270475298166275
0.05,0.7002898454666138
