epsilon,accuracy
0,0.19877083599567413
0.005,0.23373475670814514
0.01,0.2746819257736206
0.05,0.7321365475654602
