epsilon,accuracy
0,0.19682852923870087
0.005,0.23169639706611633
0.01,0.27254581451416016
0.05,0.6999338269233704
