epsilon,accuracy
0,0.1993107795715332
0.005,0.2342941015958786
0.01,0.27453547716140747
0.05,0.6884303092956543
