epsilon,accuracy
0,0.19271782040596008
0.005,0.22832003235816956
0.01,0.26962777972221375
0.05,0.7531296610832214
