epsilon,accuracy
0,0.20464667677879333
0.005,0.239397332072258
0.01,0.2789473533630371
0.05,0.7295625805854797
