epsilon,accuracy
0,0.1938125491142273
0.005,0.2292502224445343
0.01,0.27109089493751526
0.05,0.7223985195159912
