epsilon,accuracy
0,0.22746117413043976
0.005,0.2600509226322174
0.01,0.29742828011512756
0.05,0.7035845518112183
