epsilon,accuracy
0,0.20304153859615326
0.005,0.23535341024398804
0.01,0.2723075747489929
0.05,0.688529372215271
