epsilon,accuracy
0,0.1969212293624878
0.005,0.23269179463386536
0.01,0.27351680397987366
0.05,0.7292124032974243
