epsilon,accuracy
0,0.20970718562602997
0.005,0.24221858382225037
0.01,0.2796100974082947
0.05,0.7124443054199219
