epsilon,accuracy
0,0.21579231321811676
0.005,0.24839551746845245
0.01,0.2856355309486389
0.05,0.7343346476554871
