epsilon,accuracy
0,0.1983628123998642
0.005,0.23353666067123413
0.01,0.2743074297904968
0.05,0.72756427526474
