epsilon,accuracy
0,0.20393235981464386
0.005,0.23837845027446747
0.01,0.2771371901035309
0.05,0.694244384765625
