epsilon,accuracy
0,0.1994073987007141
0.005,0.23397161066532135
0.01,0.2733362317085266
0.05,0.6995372772216797
