epsilon,accuracy
0,0.19759342074394226
0.005,0.23212721943855286
0.01,0.2715223729610443
0.05,0.6925169229507446
