epsilon,accuracy
0,0.19963735342025757
0.005,0.23414069414138794
0.01,0.2734683156013489
0.05,0.7158643007278442
