epsilon,accuracy
0,0.1998959332704544
0.005,0.2334379404783249
0.01,0.27179229259490967
0.05,0.6941789388656616
