epsilon,accuracy
0,0.2743133008480072
0.005,0.29968157410621643
0.01,0.32724636793136597
0.05,0.6237289905548096
