epsilon,accuracy
0,0.19740605354309082
0.005,0.23220179975032806
0.01,0.2720733880996704
0.05,0.7018315196037292
