epsilon,accuracy
0,0.19426940381526947
0.005,0.22849924862384796
0.01,0.2683540880680084
0.05,0.700282633304596
