epsilon,accuracy
0,0.2114182412624359
0.005,0.24372804164886475
0.01,0.2804831862449646
0.05,0.7220132946968079
