epsilon,accuracy
0,0.19714218378067017
0.005,0.23126429319381714
0.01,0.2707079350948334
0.05,0.7246981263160706
