epsilon,accuracy
0,0.19396910071372986
0.005,0.22914451360702515
0.01,0.27101853489875793
0.05,0.725942075252533
