epsilon,accuracy
0,0.20712801814079285
0.005,0.24138014018535614
0.01,0.2812522351741791
0.05,0.7290096282958984
