epsilon,accuracy
0,0.20370320975780487
0.005,0.23623766005039215
0.01,0.27419954538345337
0.05,0.7067866325378418
