epsilon,accuracy
0,0.19790484011173248
0.005,0.23518098890781403
0.01,0.2787502110004425
0.05,0.7819319367408752
