epsilon,accuracy
0,0.19059628248214722
0.005,0.22649317979812622
0.01,0.2685835361480713
0.05,0.7391770482063293
