epsilon,accuracy
0,0.20479640364646912
0.005,0.23916222155094147
0.01,0.27796322107315063
0.05,0.7021217346191406
