epsilon,accuracy
0,0.20018576085567474
0.005,0.23551130294799805
0.01,0.27520763874053955
0.05,0.7180697321891785
