epsilon,accuracy
0,0.198420450091362
0.005,0.23210057616233826
0.01,0.27066200971603394
0.05,0.7113136053085327
