epsilon,accuracy
0,0.1982012838125229
0.005,0.2328096330165863
0.01,0.2723771333694458
0.05,0.7408463358879089
