epsilon,accuracy
0,0.2010503113269806
0.005,0.2370549738407135
0.01,0.2779681086540222
0.05,0.7431991696357727
