epsilon,accuracy
0,0.20191992819309235
0.005,0.2388206422328949
0.01,0.2808492183685303
0.05,0.7261947393417358
