epsilon,accuracy
0,0.20066286623477936
0.005,0.2351514846086502
0.01,0.27429986000061035
0.05,0.7110918760299683
