epsilon,accuracy
0,0.1946227252483368
0.005,0.23187009990215302
0.01,0.2742826044559479
0.05,0.7636659741401672
