epsilon,accuracy
0,0.20035521686077118
0.005,0.23356804251670837
0.01,0.2716449499130249
0.05,0.7240830063819885
