epsilon,accuracy
0,0.20196408033370972
0.005,0.23547713458538055
0.01,0.27421799302101135
0.05,0.7038897275924683
