epsilon,accuracy
0,0.1966775357723236
0.005,0.23081789910793304
0.01,0.2705208659172058
0.05,0.7468021512031555
