epsilon,accuracy
0,0.19916807115077972
0.005,0.23321488499641418
0.01,0.27205750346183777
0.05,0.7056442499160767
