epsilon,accuracy
0,0.23321831226348877
0.005,0.2627755105495453
0.01,0.29618802666664124
0.05,0.6791517734527588
