epsilon,accuracy
0,0.20531365275382996
0.005,0.24089433252811432
0.01,0.28127992153167725
0.05,0.7264567613601685
