epsilon,accuracy
0,0.19916574656963348
0.005,0.23444464802742004
0.01,0.2748507261276245
0.05,0.7318810224533081
