epsilon,accuracy
0,0.1986958384513855
0.005,0.23143237829208374
0.01,0.2695167660713196
0.05,0.7012393474578857
