epsilon,accuracy
0,0.22071705758571625
0.005,0.25309547781944275
0.01,0.290287584066391
0.05,0.7385163903236389
