epsilon,accuracy
0,0.1979437619447708
0.005,0.2323998510837555
0.01,0.2717401683330536
0.05,0.6985059976577759
