epsilon,accuracy
0,0.21201200783252716
0.005,0.24502405524253845
0.01,0.28156203031539917
0.05,0.6567292809486389
