epsilon,accuracy
0,0.19656383991241455
0.005,0.23106993734836578
0.01,0.2710137963294983
0.05,0.7407523989677429
