epsilon,accuracy
0,0.19490201771259308
0.005,0.230664923787117
0.01,0.2728479504585266
0.05,0.7482789158821106
