epsilon,accuracy
0,0.19559887051582336
0.005,0.23148824274539948
0.01,0.2736364006996155
0.05,0.7359322309494019
