epsilon,accuracy
0,0.20009039342403412
0.005,0.23451942205429077
0.01,0.2738225758075714
0.05,0.699454665184021
