epsilon,accuracy
0,0.195729598402977
0.005,0.23081834614276886
0.01,0.2714611291885376
0.05,0.7541459202766418
