epsilon,accuracy
0,0.20230256021022797
0.005,0.23698824644088745
0.01,0.27689626812934875
0.05,0.7140087485313416
