epsilon,accuracy
0,0.19751811027526855
0.005,0.23216691613197327
0.01,0.2722170352935791
0.05,0.6987022161483765
