epsilon,accuracy
0,0.1977526843547821
0.005,0.23242948949337006
0.01,0.2721591293811798
0.05,0.6994872689247131
