epsilon,accuracy
0,0.19889476895332336
0.005,0.23420558869838715
0.01,0.27442556619644165
0.05,0.7285021543502808
