epsilon,accuracy
0,0.20343004167079926
0.005,0.23632372915744781
0.01,0.27427181601524353
0.05,0.711351752281189
