epsilon,accuracy
0,0.2019665688276291
0.005,0.23671846091747284
0.01,0.2770877182483673
0.05,0.7246645092964172
