epsilon,accuracy
0,0.19615919888019562
0.005,0.2310660034418106
0.01,0.27104708552360535
0.05,0.7230028510093689
