epsilon,accuracy
0,0.2128933072090149
0.005,0.24645385146141052
0.01,0.2850225865840912
0.05,0.7112571001052856
