epsilon,accuracy
0,0.19367001950740814
0.005,0.22822636365890503
0.01,0.2679957151412964
0.05,0.7143499851226807
