epsilon,accuracy
0,0.21043571829795837
0.005,0.24374693632125854
0.01,0.2819793224334717
0.05,0.7159052491188049
