epsilon,accuracy
0,0.19762060046195984
0.005,0.23296698927879333
0.01,0.27389052510261536
0.05,0.7377979159355164
