epsilon,accuracy
0,0.19821761548519135
0.005,0.2322547733783722
0.01,0.27128949761390686
0.05,0.7263315916061401
