epsilon,accuracy
0,0.19926773011684418
0.005,0.23347824811935425
0.01,0.2734091281890869
0.05,0.7211970090866089
