epsilon,accuracy
0,0.20591957867145538
0.005,0.24211262166500092
0.01,0.28250637650489807
0.05,0.7326951026916504
