epsilon,accuracy
0,0.19892549514770508
0.005,0.23321089148521423
0.01,0.27306240797042847
0.05,0.7447527050971985
