epsilon,accuracy
0,0.19695788621902466
0.005,0.23314885795116425
0.01,0.2750084102153778
0.05,0.7662885189056396
