epsilon,accuracy
0,0.2019733190536499
0.005,0.23671364784240723
0.01,0.2759278118610382
0.05,0.7294613122940063
