epsilon,accuracy
0,0.19860178232192993
0.005,0.23447127640247345
0.01,0.2753940522670746
0.05,0.737289547920227
