epsilon,accuracy
0,0.1988142877817154
0.005,0.2341877967119217
0.01,0.27464258670806885
0.05,0.7034245133399963
