epsilon,accuracy
0,0.19908533990383148
0.005,0.2346373200416565
0.01,0.2750445306301117
0.05,0.7045903205871582
