epsilon,accuracy
0,0.19669726490974426
0.005,0.23247221112251282
0.01,0.27284279465675354
0.05,0.7398772835731506
