epsilon,accuracy
0,0.19722774624824524
0.005,0.23166733980178833
0.01,0.2708999812602997
0.05,0.6905492544174194
