epsilon,accuracy
0,0.1990683674812317
0.005,0.2327265739440918
0.01,0.2714940905570984
0.05,0.7144238352775574
