epsilon,accuracy
0,0.20166882872581482
0.005,0.23704110085964203
0.01,0.2777329087257385
0.05,0.7437183856964111
