epsilon,accuracy
0,0.19536089897155762
0.005,0.2297208458185196
0.01,0.26986050605773926
0.05,0.7457022070884705
