epsilon,accuracy
0,0.19261345267295837
0.005,0.2286236733198166
0.01,0.271431028842926
0.05,0.7864925861358643
