epsilon,accuracy
0,0.1995925009250641
0.005,0.23474371433258057
0.01,0.27600258588790894
0.05,0.7379310131072998
