epsilon,accuracy
0,0.19940593838691711
0.005,0.23594172298908234
0.01,0.2786319851875305
0.05,0.7606273293495178
