epsilon,accuracy
0,0.2013024389743805
0.005,0.2353135645389557
0.01,0.27452364563941956
0.05,0.7289549112319946
