epsilon,accuracy
0,0.1985979676246643
0.005,0.23140870034694672
0.01,0.26889848709106445
0.05,0.6966851949691772
