epsilon,accuracy
0,0.19645771384239197
0.005,0.2322382628917694
0.01,0.27354976534843445
0.05,0.7201406359672546
