epsilon,accuracy
0,0.19701269268989563
0.005,0.23301656544208527
0.01,0.27412450313568115
0.05,0.7030036449432373
