epsilon,accuracy
0,0.19891096651554108
0.005,0.23158952593803406
0.01,0.26873794198036194
0.05,0.7037336826324463
