epsilon,accuracy
0,0.21181289851665497
0.005,0.24287694692611694
0.01,0.27825671434402466
0.05,0.7009842991828918
