epsilon,accuracy
0,0.19967539608478546
0.005,0.23314368724822998
0.01,0.2713945806026459
0.05,0.7215492129325867
