epsilon,accuracy
0,0.2207271009683609
0.005,0.2533462941646576
0.01,0.2903249263763428
0.05,0.7019459009170532
