epsilon,accuracy
0,0.2084202766418457
0.005,0.24283990263938904
0.01,0.28249526023864746
0.05,0.7537860870361328
