epsilon,accuracy
0,0.21436552703380585
0.005,0.24716651439666748
0.01,0.2851160764694214
0.05,0.7478214502334595
