epsilon,accuracy
0,0.20039524137973785
0.005,0.234512060880661
0.01,0.27321305871009827
0.05,0.6989938616752625
