epsilon,accuracy
0,0.19955134391784668
0.005,0.23370802402496338
0.01,0.2725793123245239
0.05,0.706536054611206
