epsilon,accuracy
0,0.19766268134117126
0.005,0.2318066507577896
0.01,0.2711614668369293
0.05,0.7213765382766724
