epsilon,accuracy
0,0.20066645741462708
0.005,0.2350171059370041
0.01,0.2739622890949249
0.05,0.7019530534744263
