epsilon,accuracy
0,0.19784794747829437
0.005,0.2318505495786667
0.01,0.2709827721118927
0.05,0.7146533131599426
