epsilon,accuracy
0,0.20281659066677094
0.005,0.23784367740154266
0.01,0.277841717004776
0.05,0.701197624206543
