epsilon,accuracy
0,0.20819716155529022
0.005,0.24201202392578125
0.01,0.28045713901519775
0.05,0.7293107509613037
