epsilon,accuracy
0,0.19917002320289612
0.005,0.2350146621465683
0.01,0.27701085805892944
0.05,0.7530555129051208
