epsilon,accuracy
0,0.19866348803043365
0.005,0.2329641431570053
0.01,0.2725389003753662
0.05,0.6987870335578918
