epsilon,accuracy
0,0.21120984852313995
0.005,0.24387016892433167
0.01,0.2815011739730835
0.05,0.7111053466796875
