epsilon,accuracy
0,0.19831344485282898
0.005,0.23308491706848145
0.01,0.27319732308387756
0.05,0.7278450727462769
