epsilon,accuracy
0,0.19834478199481964
0.005,0.23252031207084656
0.01,0.2720382809638977
0.05,0.7078737020492554
