epsilon,accuracy
0,0.19870047271251678
0.005,0.23462194204330444
0.01,0.27629056572914124
0.05,0.7420095801353455
