epsilon,accuracy
0,0.1972769796848297
0.005,0.231330007314682
0.01,0.27130788564682007
0.05,0.730221152305603
