epsilon,accuracy
0,0.19988372921943665
0.005,0.2348380833864212
0.01,0.2757188677787781
0.05,0.7361875176429749
