epsilon,accuracy
0,0.20225954055786133
0.005,0.23549094796180725
0.01,0.2727779448032379
0.05,0.7201154828071594
