epsilon,accuracy
0,0.1993117779493332
0.005,0.23513822257518768
0.01,0.2764296531677246
0.05,0.744384765625
