epsilon,accuracy
0,0.20241281390190125
0.005,0.2388237714767456
0.01,0.2800523042678833
0.05,0.7315452098846436
