epsilon,accuracy
0,0.2035001516342163
0.005,0.23780003190040588
0.01,0.2770274579524994
0.05,0.7080321907997131
