epsilon,accuracy
0,0.1974896788597107
0.005,0.2320786416530609
0.01,0.2723430097103119
0.05,0.7135579586029053
