epsilon,accuracy
0,0.194986954331398
0.005,0.23023702204227448
0.01,0.2709052264690399
0.05,0.748232364654541
