epsilon,accuracy
0,0.20178799331188202
0.005,0.23654337227344513
0.01,0.27621281147003174
0.05,0.7245787382125854
