epsilon,accuracy
0,0.19736695289611816
0.005,0.2321125566959381
0.01,0.2718038558959961
0.05,0.6930665373802185
