epsilon,accuracy
0,0.2547529339790344
0.005,0.28341206908226013
0.01,0.31562113761901855
0.05,0.6903170347213745
