epsilon,accuracy
0,0.20221424102783203
0.005,0.23764123022556305
0.01,0.27897465229034424
0.05,0.7560046315193176
