epsilon,accuracy
0,0.19853954017162323
0.005,0.2330094277858734
0.01,0.2733714282512665
0.05,0.729716420173645
