epsilon,accuracy
0,0.19676055014133453
0.005,0.23060499131679535
0.01,0.2699054181575775
0.05,0.7191178798675537
