epsilon,accuracy
0,0.19824445247650146
0.005,0.23403207957744598
0.01,0.2758839428424835
0.05,0.7606385946273804
