epsilon,accuracy
0,0.19560746848583221
0.005,0.22993826866149902
0.01,0.2699156403541565
0.05,0.7464759349822998
