epsilon,accuracy
0,0.2045624852180481
0.005,0.2374923676252365
0.01,0.27503615617752075
0.05,0.6855634450912476
