epsilon,accuracy
0,0.21740473806858063
0.005,0.24922475218772888
0.01,0.2858341336250305
0.05,0.7068948745727539
