epsilon,accuracy
0,0.19577403366565704
0.005,0.2298005372285843
0.01,0.26911914348602295
0.05,0.716502845287323
