epsilon,accuracy
0,0.19668786227703094
0.005,0.23208855092525482
0.01,0.27385151386260986
0.05,0.7320931553840637
