epsilon,accuracy
0,0.20544244349002838
0.005,0.23951804637908936
0.01,0.27740758657455444
0.05,0.6959602236747742
