epsilon,accuracy
0,0.19752436876296997
0.005,0.23116379976272583
0.01,0.2704174518585205
0.05,0.6946797966957092
