epsilon,accuracy
0,0.19857800006866455
0.005,0.23332883417606354
0.01,0.27323204278945923
0.05,0.7050542235374451
