epsilon,accuracy
0,0.1973884403705597
0.005,0.23323912918567657
0.01,0.27608010172843933
0.05,0.7805467844009399
