epsilon,accuracy
0,0.19911646842956543
0.005,0.2350899577140808
0.01,0.27637797594070435
0.05,0.7430250644683838
