epsilon,accuracy
0,0.23058104515075684
0.005,0.25882306694984436
0.01,0.29093602299690247
0.05,0.6627357006072998
