epsilon,accuracy
0,0.19953356683254242
0.005,0.2350548952817917
0.01,0.27685919404029846
0.05,0.7561567425727844
