epsilon,accuracy
0,0.19147410988807678
0.005,0.2282310426235199
0.01,0.2710084319114685
0.05,0.745768666267395
