epsilon,accuracy
0,0.20075523853302002
0.005,0.2341981828212738
0.01,0.27269884943962097
0.05,0.7129603028297424
