epsilon,accuracy
0,0.2023024708032608
0.005,0.23724296689033508
0.01,0.27751535177230835
0.05,0.7431874871253967
