epsilon,accuracy
0,0.20077581703662872
0.005,0.2352009117603302
0.01,0.27535074949264526
0.05,0.7168735265731812
