epsilon,accuracy
0,0.19881565868854523
0.005,0.23298975825309753
0.01,0.2729008197784424
0.05,0.7148380279541016
