epsilon,accuracy
0,0.19516369700431824
0.005,0.23067720234394073
0.01,0.2719137370586395
0.05,0.7291795611381531
