epsilon,accuracy
0,0.19830824434757233
0.005,0.2322690188884735
0.01,0.2711687386035919
0.05,0.7092218995094299
