epsilon,accuracy
0,0.20030003786087036
0.005,0.23415617644786835
0.01,0.2728254795074463
0.05,0.6961193680763245
