epsilon,accuracy
0,0.20043787360191345
0.005,0.237229585647583
0.01,0.27886447310447693
0.05,0.7421531677246094
