epsilon,accuracy
0,0.20289358496665955
0.005,0.23713617026805878
0.01,0.27603617310523987
0.05,0.7261334657669067
