epsilon,accuracy
0,0.19505012035369873
0.005,0.23035001754760742
0.01,0.271348237991333
0.05,0.7532213926315308
