epsilon,accuracy
0,0.19724291563034058
0.005,0.23147347569465637
0.01,0.27022799849510193
0.05,0.6975041627883911
