epsilon,accuracy
0,0.19856584072113037
0.005,0.23318862915039062
0.01,0.27195024490356445
0.05,0.7014138698577881
