epsilon,accuracy
0,0.20009024441242218
0.005,0.23292730748653412
0.01,0.271353542804718
0.05,0.7085788249969482
