epsilon,accuracy
0,0.20508624613285065
0.005,0.2383817583322525
0.01,0.27621981501579285
0.05,0.7318153977394104
