epsilon,accuracy
0,0.2530739903450012
0.005,0.2825707197189331
0.01,0.3158368170261383
0.05,0.6986949443817139
