epsilon,accuracy
0,0.1983940303325653
0.005,0.23288778960704803
0.01,0.27187129855155945
0.05,0.7045773267745972
