epsilon,accuracy
0,0.1976110190153122
0.005,0.2326311618089676
0.01,0.27204233407974243
0.05,0.7057860493659973
