epsilon,accuracy
0,0.19799259305000305
0.005,0.23263894021511078
0.01,0.2726992666721344
0.05,0.7063508629798889
