epsilon,accuracy
0,0.2020244300365448
0.005,0.2364700883626938
0.01,0.27638763189315796
0.05,0.7270865440368652
