epsilon,accuracy
0,0.19904851913452148
0.005,0.2345006912946701
0.01,0.27610254287719727
0.05,0.735066831111908
