epsilon,accuracy
0,0.19682510197162628
0.005,0.2313082218170166
0.01,0.27071815729141235
0.05,0.6852630972862244
