epsilon,accuracy
0,0.19659896194934845
0.005,0.23266957700252533
0.01,0.2744138836860657
0.05,0.737658679485321
