epsilon,accuracy
0,0.19511476159095764
0.005,0.23054802417755127
0.01,0.2712598145008087
0.05,0.7158221006393433
