epsilon,accuracy
0,0.2070358842611313
0.005,0.24041523039340973
0.01,0.27850157022476196
0.05,0.7098330855369568
