epsilon,accuracy
0,0.20172376930713654
0.005,0.23635748028755188
0.01,0.27585965394973755
0.05,0.7186213731765747
