epsilon,accuracy
0,0.19989007711410522
0.005,0.23416711390018463
0.01,0.2734023928642273
0.05,0.6995434165000916
