epsilon,accuracy
0,0.19966892898082733
0.005,0.23637831211090088
0.01,0.2791025936603546
0.05,0.7729784250259399
