epsilon,accuracy
0,0.19794629514217377
0.005,0.23303361237049103
0.01,0.2737918794155121
0.05,0.7320454120635986
