epsilon,accuracy
0,0.19975461065769196
0.005,0.23400560021400452
0.01,0.27386191487312317
0.05,0.7371209859848022
