epsilon,accuracy
0,0.19995495676994324
0.005,0.2336728572845459
0.01,0.27282607555389404
0.05,0.7293758988380432
