epsilon,accuracy
0,0.194651260972023
0.005,0.23106472194194794
0.01,0.2736514210700989
0.05,0.7412087321281433
