epsilon,accuracy
0,0.1921512335538864
0.005,0.22839252650737762
0.01,0.2715212404727936
0.05,0.7896698713302612
