epsilon,accuracy
0,0.1938651204109192
0.005,0.23063035309314728
0.01,0.2718832194805145
0.05,0.7297239899635315
