epsilon,accuracy
0,0.20099444687366486
0.005,0.23666107654571533
0.01,0.2769058048725128
0.05,0.7177550196647644
