epsilon,accuracy
0,0.19592969119548798
0.005,0.23129315674304962
0.01,0.2724214792251587
0.05,0.727705717086792
