epsilon,accuracy
0,0.21403510868549347
0.005,0.24576109647750854
0.01,0.28226855397224426
0.05,0.7108486890792847
