epsilon,accuracy
0,0.1971883624792099
0.005,0.23200352489948273
0.01,0.27090689539909363
0.05,0.6857720017433167
