epsilon,accuracy
0,0.19786594808101654
0.005,0.2335405945777893
0.01,0.27536046504974365
0.05,0.7334068417549133
