epsilon,accuracy
0,0.19105440378189087
0.005,0.22798418998718262
0.01,0.27070868015289307
0.05,0.7536706924438477
