epsilon,accuracy
0,0.1981692910194397
0.005,0.23433667421340942
0.01,0.2763059735298157
0.05,0.7530696392059326
