epsilon,accuracy
0,0.19282843172550201
0.005,0.22872036695480347
0.01,0.27120766043663025
0.05,0.7763687372207642
