epsilon,accuracy
0,0.19375814497470856
0.005,0.23009300231933594
0.01,0.27264711260795593
0.05,0.7346171736717224
