epsilon,accuracy
0,0.19745028018951416
0.005,0.23282556235790253
0.01,0.2740687131881714
0.05,0.7527831196784973
