epsilon,accuracy
0,0.2001510113477707
0.005,0.234144926071167
0.01,0.27337995171546936
0.05,0.7038030028343201
