epsilon,accuracy
0,0.19790704548358917
0.005,0.23254643380641937
0.01,0.27203166484832764
0.05,0.7081010341644287
