epsilon,accuracy
0,0.20056338608264923
0.005,0.23638372123241425
0.01,0.2776809334754944
0.05,0.757555365562439
