epsilon,accuracy
0,0.19555607438087463
0.005,0.23169203102588654
0.01,0.2739466428756714
0.05,0.7397600412368774
