epsilon,accuracy
0,0.1977495551109314
0.005,0.23334833979606628
0.01,0.2742409408092499
0.05,0.7255538702011108
