epsilon,accuracy
0,0.1971854269504547
0.005,0.23193912208080292
0.01,0.27064481377601624
0.05,0.7067852020263672
