epsilon,accuracy
0,0.21704119443893433
0.005,0.248744398355484
0.01,0.2844421863555908
0.05,0.6991231441497803
