epsilon,accuracy
0,0.19901996850967407
0.005,0.23185306787490845
0.01,0.26903390884399414
0.05,0.6925210356712341
