epsilon,accuracy
0,0.19668161869049072
0.005,0.23222023248672485
0.01,0.2732216417789459
0.05,0.7555797100067139
