epsilon,accuracy
0,0.19942282140254974
0.005,0.23380820453166962
0.01,0.273019403219223
0.05,0.6870467066764832
