epsilon,accuracy
0,0.20447799563407898
0.005,0.23741434514522552
0.01,0.27537915110588074
0.05,0.7217702269554138
