epsilon,accuracy
0,0.2596699893474579
0.005,0.2882162928581238
0.01,0.3204532563686371
0.05,0.6903638243675232
