epsilon,accuracy
0,0.1963776797056198
0.005,0.23175722360610962
0.01,0.27236199378967285
0.05,0.7279303669929504
