epsilon,accuracy
0,0.20082654058933258
0.005,0.23476998507976532
0.01,0.27370303869247437
0.05,0.7185184955596924
