epsilon,accuracy
0,0.20732912421226501
0.005,0.24125060439109802
0.01,0.2790479063987732
0.05,0.7280545830726624
