epsilon,accuracy
0,0.19355905055999756
0.005,0.22902794182300568
0.01,0.27026161551475525
0.05,0.7465100884437561
