epsilon,accuracy
0,0.19942225515842438
0.005,0.23402132093906403
0.01,0.27368128299713135
0.05,0.7045953869819641
