epsilon,accuracy
0,0.1979038268327713
0.005,0.23241065442562103
0.01,0.27185866236686707
0.05,0.7253062129020691
