epsilon,accuracy
0,0.1923750340938568
0.005,0.2286161631345749
0.01,0.2719177007675171
0.05,0.7895785570144653
