epsilon,accuracy
0,0.19369737803936005
0.005,0.22948431968688965
0.01,0.2705722451210022
0.05,0.7191884517669678
