epsilon,accuracy
0,0.19353947043418884
0.005,0.22999323904514313
0.01,0.27071866393089294
0.05,0.742820680141449
