epsilon,accuracy
0,0.21508194506168365
0.005,0.24727129936218262
0.01,0.2844811975955963
0.05,0.6931967735290527
