epsilon,accuracy
0,0.1977362185716629
0.005,0.23231494426727295
0.01,0.2713703215122223
0.05,0.6845359802246094
