epsilon,accuracy
0,0.19908617436885834
0.005,0.23506119847297668
0.01,0.27642306685447693
0.05,0.7283719182014465
