epsilon,accuracy
0,0.19651304185390472
0.005,0.2324834167957306
0.01,0.2724170982837677
0.05,0.7205113768577576
