epsilon,accuracy
0,0.19788986444473267
0.005,0.2326572686433792
0.01,0.27288487553596497
0.05,0.7292867302894592
