epsilon,accuracy
0,0.19388447701931
0.005,0.22867752611637115
0.01,0.2686510384082794
0.05,0.7137601375579834
