epsilon,accuracy
0,0.23521727323532104
0.005,0.2666972577571869
0.01,0.30268150568008423
0.05,0.6871629357337952
