epsilon,accuracy
0,0.20004719495773315
0.005,0.23405322432518005
0.01,0.2732452154159546
0.05,0.7343775629997253
