epsilon,accuracy
0,0.1983569860458374
0.005,0.2341441661119461
0.01,0.2754438817501068
0.05,0.7366909980773926
