epsilon,accuracy
0,0.19516612589359283
0.005,0.23003147542476654
0.01,0.2699796259403229
0.05,0.7102580070495605
