epsilon,accuracy
0,0.19083137810230255
0.005,0.22694309055805206
0.01,0.2688947916030884
0.05,0.746722936630249
