epsilon,accuracy
0,0.19604501128196716
0.005,0.2309143841266632
0.01,0.27105918526649475
0.05,0.735983669757843
