epsilon,accuracy
0,0.19631452858448029
0.005,0.23205818235874176
0.01,0.27314314246177673
0.05,0.7442660331726074
