epsilon,accuracy
0,0.19911466538906097
0.005,0.23344138264656067
0.01,0.2736244201660156
0.05,0.7198810577392578
