epsilon,accuracy
0,0.19795508682727814
0.005,0.23327931761741638
0.01,0.2736319303512573
0.05,0.727171778678894
