epsilon,accuracy
0,0.19735729694366455
0.005,0.23223349452018738
0.01,0.27295708656311035
0.05,0.7557743191719055
