epsilon,accuracy
0,0.1996019333600998
0.005,0.23553989827632904
0.01,0.2772524952888489
0.05,0.7592464089393616
