epsilon,accuracy
0,0.19606243073940277
0.005,0.23148220777511597
0.01,0.272500216960907
0.05,0.7040613889694214
