epsilon,accuracy
0,0.1995583474636078
0.005,0.23616348206996918
0.01,0.2787378132343292
0.05,0.7697272896766663
