epsilon,accuracy
0,0.19851775467395782
0.005,0.23351812362670898
0.01,0.2738059163093567
0.05,0.7177045941352844
