epsilon,accuracy
0,0.20222510397434235
0.005,0.23640108108520508
0.01,0.27568304538726807
0.05,0.7209498286247253
