epsilon,accuracy
0,0.19274932146072388
0.005,0.22840647399425507
0.01,0.2696710526943207
0.05,0.7210706472396851
