epsilon,accuracy
0,0.2001480609178543
0.005,0.23393772542476654
0.01,0.2727796137332916
0.05,0.7123669385910034
