epsilon,accuracy
0,0.196010559797287
0.005,0.23121660947799683
0.01,0.27089738845825195
0.05,0.7172591090202332
