epsilon,accuracy
0,0.19536881148815155
0.005,0.23162800073623657
0.01,0.27276504039764404
0.05,0.7136339545249939
