epsilon,accuracy
0,0.20635844767093658
0.005,0.23954352736473083
0.01,0.2775738537311554
0.05,0.6983435750007629
