epsilon,accuracy
0,0.20468373596668243
0.005,0.2376316487789154
0.01,0.2749727666378021
0.05,0.7091869711875916
