epsilon,accuracy
0,0.19615192711353302
0.005,0.23323525488376617
0.01,0.2765001356601715
0.05,0.7434887290000916
