epsilon,accuracy
0,0.20363926887512207
0.005,0.23892782628536224
0.01,0.27857741713523865
0.05,0.7339544892311096
