epsilon,accuracy
0,0.21339085698127747
0.005,0.24438226222991943
0.01,0.27971866726875305
0.05,0.6866349577903748
