epsilon,accuracy
0,0.1957562118768692
0.005,0.23047053813934326
0.01,0.2714133560657501
0.05,0.7450669407844543
