epsilon,accuracy
0,0.20480415225028992
0.005,0.23896507918834686
0.01,0.27916818857192993
0.05,0.7485902905464172
