epsilon,accuracy
0,0.19602341949939728
0.005,0.22989988327026367
0.01,0.2694908082485199
0.05,0.7233302593231201
