epsilon,accuracy
0,0.30259349942207336
0.005,0.32680240273475647
0.01,0.35315772891044617
0.05,0.630453884601593
