epsilon,accuracy
0,0.19655431807041168
0.005,0.2321293205022812
0.01,0.2737749218940735
0.05,0.7543231248855591
