epsilon,accuracy
0,0.2012755125761032
0.005,0.23557494580745697
0.01,0.2749035358428955
0.05,0.7269174456596375
