epsilon,accuracy
0,0.22121462225914001
0.005,0.25081658363342285
0.01,0.28476855158805847
0.05,0.682843029499054
