epsilon,accuracy
0,0.19849789142608643
0.005,0.23256921768188477
0.01,0.27160727977752686
0.05,0.7261243462562561
