epsilon,accuracy
0,0.19537971913814545
0.005,0.23049558699131012
0.01,0.27069005370140076
0.05,0.7138446569442749
