epsilon,accuracy
0,0.19688406586647034
0.005,0.23187080025672913
0.01,0.27229610085487366
0.05,0.7071017026901245
