epsilon,accuracy
0,0.19709721207618713
0.005,0.2335953265428543
0.01,0.2762482166290283
0.05,0.7582975625991821
