epsilon,accuracy
0,0.19076621532440186
0.005,0.22690846025943756
0.01,0.2687240242958069
0.05,0.7365916967391968
