epsilon,accuracy
0,0.20090070366859436
0.005,0.23472654819488525
0.01,0.2737811207771301
0.05,0.7044723629951477
