epsilon,accuracy
0,0.21524733304977417
0.005,0.24734698235988617
0.01,0.2835388779640198
0.05,0.7219680547714233
