epsilon,accuracy
0,0.19769878685474396
0.005,0.23336173593997955
0.01,0.2745096981525421
0.05,0.7514383792877197
