epsilon,accuracy
0,0.20301909744739532
0.005,0.23631291091442108
0.01,0.27517545223236084
0.05,0.7105266451835632
