epsilon,accuracy
0,0.20074109733104706
0.005,0.23435673117637634
0.01,0.2731110453605652
0.05,0.7076988816261292
