epsilon,accuracy
0,0.19834816455841064
0.005,0.23462149500846863
0.01,0.27750641107559204
0.05,0.7489513754844666
