epsilon,accuracy
0,0.19738154113292694
0.005,0.23382902145385742
0.01,0.27623921632766724
0.05,0.7512434124946594
