epsilon,accuracy
0,0.19701285660266876
0.005,0.23136955499649048
0.01,0.2704644799232483
0.05,0.7167744040489197
