epsilon,accuracy
0,0.19341731071472168
0.005,0.2290416955947876
0.01,0.27139970660209656
0.05,0.7763946056365967
