epsilon,accuracy
0,0.1966027319431305
0.005,0.23296093940734863
0.01,0.2737327516078949
0.05,0.725946307182312
