epsilon,accuracy
0,0.19735181331634521
0.005,0.23345857858657837
0.01,0.2761593163013458
0.05,0.7278738021850586
