epsilon,accuracy
0,0.19716112315654755
0.005,0.23187384009361267
0.01,0.2721066176891327
0.05,0.7070388793945312
