epsilon,accuracy
0,0.19341905415058136
0.005,0.22920428216457367
0.01,0.2716716229915619
0.05,0.7781648635864258
