epsilon,accuracy
0,0.2049304097890854
0.005,0.2395583987236023
0.01,0.2788054645061493
0.05,0.7302452325820923
