epsilon,accuracy
0,0.20267505943775177
0.005,0.23776057362556458
0.01,0.27740129828453064
0.05,0.7120712399482727
