epsilon,accuracy
0,0.19621312618255615
0.005,0.2321683168411255
0.01,0.27489903569221497
0.05,0.7246119976043701
