epsilon,accuracy
0,0.19777408242225647
0.005,0.23231127858161926
0.01,0.27193859219551086
0.05,0.6979917883872986
