epsilon,accuracy
0,0.19966256618499756
0.005,0.2335202991962433
0.01,0.2723968029022217
0.05,0.7009208798408508
