epsilon,accuracy
0,0.19327226281166077
0.005,0.22968032956123352
0.01,0.2725315988063812
0.05,0.7794952392578125
