epsilon,accuracy
0,0.2002086192369461
0.005,0.23573951423168182
0.01,0.2763614058494568
0.05,0.7490246295928955
