epsilon,accuracy
0,0.21670027077198029
0.005,0.24845631420612335
0.01,0.28507888317108154
0.05,0.7066960334777832
