epsilon,accuracy
0,0.1968262791633606
0.005,0.23215343058109283
0.01,0.27223092317581177
0.05,0.7228574752807617
