epsilon,accuracy
0,0.20606282353401184
0.005,0.24045071005821228
0.01,0.27913761138916016
0.05,0.7143287062644958
