epsilon,accuracy
0,0.19648206233978271
0.005,0.23226870596408844
0.01,0.2736743688583374
0.05,0.7277376055717468
