epsilon,accuracy
0,0.20467275381088257
0.005,0.23753607273101807
0.01,0.2749343514442444
0.05,0.7122079730033875
