epsilon,accuracy
0,0.20283465087413788
0.005,0.23738034069538116
0.01,0.2770093083381653
0.05,0.7277837991714478
