epsilon,accuracy
0,0.19962042570114136
0.005,0.23509499430656433
0.01,0.2751375436782837
0.05,0.7290671467781067
