epsilon,accuracy
0,0.19466672837734222
0.005,0.23007455468177795
0.01,0.2713347375392914
0.05,0.7324854135513306
