epsilon,accuracy
0,0.20075544714927673
0.005,0.23726536333560944
0.01,0.2785976231098175
0.05,0.7275986671447754
