epsilon,accuracy
0,0.20749500393867493
0.005,0.24154897034168243
0.01,0.2796744406223297
0.05,0.7128649353981018
