epsilon,accuracy
0,0.20336730778217316
0.005,0.23796871304512024
0.01,0.2772825360298157
0.05,0.6992213726043701
