epsilon,accuracy
0,0.20314927399158478
0.005,0.2376117706298828
0.01,0.276456356048584
0.05,0.7022830247879028
