epsilon,accuracy
0,0.19759501516819
0.005,0.23344841599464417
0.01,0.27476346492767334
0.05,0.7569117546081543
