epsilon,accuracy
0,0.2004925012588501
0.005,0.23549312353134155
0.01,0.27594149112701416
0.05,0.7308958172798157
