epsilon,accuracy
0,0.20448558032512665
0.005,0.23860545456409454
0.01,0.27723363041877747
0.05,0.696198046207428
