epsilon,accuracy
0,0.20465190708637238
0.005,0.2405056655406952
0.01,0.2815510928630829
0.05,0.7523624897003174
