epsilon,accuracy
0,0.19704021513462067
0.005,0.23221538960933685
0.01,0.272253155708313
0.05,0.7037082314491272
