epsilon,accuracy
0,0.19871577620506287
0.005,0.2330501228570938
0.01,0.2726755440235138
0.05,0.7266666889190674
