epsilon,accuracy
0,0.19350911676883698
0.005,0.22980356216430664
0.01,0.2719328701496124
0.05,0.7345632910728455
