epsilon,accuracy
0,0.19939367473125458
0.005,0.23261196911334991
0.01,0.2709863483905792
0.05,0.6953422427177429
