epsilon,accuracy
0,0.2015034705400467
0.005,0.23741164803504944
0.01,0.28001901507377625
0.05,0.7701371312141418
