epsilon,accuracy
0,0.1998835653066635
0.005,0.23417307436466217
0.01,0.27384892106056213
0.05,0.713893473148346
