epsilon,accuracy
0,0.21284987032413483
0.005,0.24438022077083588
0.01,0.2808726727962494
0.05,0.7192438244819641
