epsilon,accuracy
0,0.1991645097732544
0.005,0.23485437035560608
0.01,0.2755667567253113
0.05,0.756858229637146
