epsilon,accuracy
0,0.20008021593093872
0.005,0.23489060997962952
0.01,0.2748973071575165
0.05,0.7283644676208496
