epsilon,accuracy
0,0.20561634004116058
0.005,0.2389608472585678
0.01,0.277082622051239
0.05,0.722618043422699
