epsilon,accuracy
0,0.21373628079891205
0.005,0.24654091894626617
0.01,0.2842530310153961
0.05,0.7301270365715027
