epsilon,accuracy
0,0.19940528273582458
0.005,0.23229661583900452
0.01,0.2702503502368927
0.05,0.6939065456390381
