epsilon,accuracy
0,0.22665002942085266
0.005,0.2578841745853424
0.01,0.2938031852245331
0.05,0.6978614926338196
