epsilon,accuracy
0,0.19912779331207275
0.005,0.2344837784767151
0.01,0.27516230940818787
0.05,0.7037492990493774
