epsilon,accuracy
0,0.20207686722278595
0.005,0.2360406368970871
0.01,0.2750084102153778
0.05,0.7188555002212524
