epsilon,accuracy
0,0.1958474963903427
0.005,0.2318425178527832
0.01,0.27345070242881775
0.05,0.7186111807823181
