epsilon,accuracy
0,0.2004663348197937
0.005,0.2351057380437851
0.01,0.274888813495636
0.05,0.7425948977470398
