epsilon,accuracy
0,0.2203442007303238
0.005,0.24921482801437378
0.01,0.28208017349243164
0.05,0.6672384738922119
