epsilon,accuracy
0,0.20326317846775055
0.005,0.23769168555736542
0.01,0.2773575782775879
0.05,0.697498619556427
