epsilon,accuracy
0,0.19641396403312683
0.005,0.23044376075267792
0.01,0.2691996395587921
0.05,0.7108994126319885
