epsilon,accuracy
0,0.2000369280576706
0.005,0.23581914603710175
0.01,0.27719348669052124
0.05,0.7422052621841431
