epsilon,accuracy
0,0.1977069228887558
0.005,0.2327774167060852
0.01,0.2726307511329651
0.05,0.7015984058380127
