epsilon,accuracy
0,0.1984114795923233
0.005,0.23231971263885498
0.01,0.2710525095462799
0.05,0.715980589389801
