epsilon,accuracy
0,0.2918164134025574
0.005,0.31629326939582825
0.01,0.34268710017204285
0.05,0.6250064969062805
