epsilon,accuracy
0,0.20604394376277924
0.005,0.23898360133171082
0.01,0.27696409821510315
0.05,0.7082226872444153
