epsilon,accuracy
0,0.19783100485801697
0.005,0.23337781429290771
0.01,0.27427059412002563
0.05,0.7349948287010193
