epsilon,accuracy
0,0.19229915738105774
0.005,0.22729504108428955
0.01,0.2683393061161041
0.05,0.7377309799194336
