epsilon,accuracy
0,0.1955258548259735
0.005,0.23208947479724884
0.01,0.27404576539993286
0.05,0.7510201930999756
