epsilon,accuracy
0,0.20150652527809143
0.005,0.23606178164482117
0.01,0.274937242269516
0.05,0.7197083830833435
