epsilon,accuracy
0,0.19171686470508575
0.005,0.227913498878479
0.01,0.270194947719574
0.05,0.7474258542060852
