epsilon,accuracy
0,0.198930025100708
0.005,0.23332571983337402
0.01,0.2730877995491028
0.05,0.700268566608429
