epsilon,accuracy
0,0.21791453659534454
0.005,0.24720977246761322
0.01,0.28115394711494446
0.05,0.6652538180351257
