epsilon,accuracy
0,0.19711241126060486
0.005,0.23267313838005066
0.01,0.2743297815322876
0.05,0.7354047894477844
