epsilon,accuracy
0,0.19745513796806335
0.005,0.2319105714559555
0.01,0.27140939235687256
0.05,0.7082625031471252
