epsilon,accuracy
0,0.20350924134254456
0.005,0.23908990621566772
0.01,0.2794573903083801
0.05,0.758124053478241
