epsilon,accuracy
0,0.19658459722995758
0.005,0.23080164194107056
0.01,0.2707909345626831
0.05,0.6940833926200867
