epsilon,accuracy
0,0.2012658566236496
0.005,0.237466499209404
0.01,0.27884042263031006
0.05,0.7647550106048584
