epsilon,accuracy
0,0.20334912836551666
0.005,0.23781044781208038
0.01,0.2768334746360779
0.05,0.7180658578872681
