epsilon,accuracy
0,0.20632871985435486
0.005,0.24067799746990204
0.01,0.2802894413471222
0.05,0.7361955642700195
