epsilon,accuracy
0,0.2175498753786087
0.005,0.25066104531288147
0.01,0.2887687683105469
0.05,0.7173362970352173
