epsilon,accuracy
0,0.20090040564537048
0.005,0.23540037870407104
0.01,0.2756078243255615
0.05,0.7215098738670349
