epsilon,accuracy
0,0.19201064109802246
0.005,0.22943691909313202
0.01,0.2729170322418213
0.05,0.7434634566307068
