epsilon,accuracy
0,0.19509357213974
0.005,0.2293996512889862
0.01,0.2696182429790497
0.05,0.7011480927467346
