epsilon,accuracy
0,0.20169217884540558
0.005,0.23630407452583313
0.01,0.2759568691253662
0.05,0.7269631624221802
