epsilon,accuracy
0,0.19280268251895905
0.005,0.22919704020023346
0.01,0.2718399465084076
0.05,0.7689501047134399
