epsilon,accuracy
0,0.20145854353904724
0.005,0.23731853067874908
0.01,0.2784590721130371
0.05,0.7309673428535461
