epsilon,accuracy
0,0.21456173062324524
0.005,0.2478746920824051
0.01,0.2858949899673462
0.05,0.734154999256134
