epsilon,accuracy
0,0.2085811048746109
0.005,0.24169455468654633
0.01,0.2795109450817108
0.05,0.7112793326377869
