epsilon,accuracy
0,0.19678278267383575
0.005,0.23121944069862366
0.01,0.27003782987594604
0.05,0.6952313184738159
