epsilon,accuracy
0,0.20015248656272888
0.005,0.23388636112213135
0.01,0.2725294828414917
0.05,0.6986728310585022
