epsilon,accuracy
0,0.19763317704200745
0.005,0.23290134966373444
0.01,0.27278900146484375
0.05,0.6937724351882935
