epsilon,accuracy
0,0.1986592561006546
0.005,0.23301570117473602
0.01,0.2729024887084961
0.05,0.7320957183837891
