epsilon,accuracy
0,0.1968039870262146
0.005,0.23163706064224243
0.01,0.27115488052368164
0.05,0.6928058862686157
