epsilon,accuracy
0,0.21838511526584625
0.005,0.2496158927679062
0.01,0.2851107120513916
0.05,0.7187702059745789
