epsilon,accuracy
0,0.19760368764400482
0.005,0.231733500957489
0.01,0.2706368565559387
0.05,0.7195459604263306
