epsilon,accuracy
0,0.20103193819522858
0.005,0.23557309806346893
0.01,0.27531176805496216
0.05,0.7275906801223755
