epsilon,accuracy
0,0.19728215038776398
0.005,0.23159435391426086
0.01,0.27178677916526794
0.05,0.7361648678779602
