epsilon,accuracy
0,0.19590455293655396
0.005,0.23179401457309723
0.01,0.2737663984298706
0.05,0.7439454197883606
