epsilon,accuracy
0,0.19969739019870758
0.005,0.23338590562343597
0.01,0.27100810408592224
0.05,0.7065137624740601
