epsilon,accuracy
0,0.20976591110229492
0.005,0.2436782866716385
0.01,0.2821163237094879
0.05,0.7249636650085449
