epsilon,accuracy
0,0.20147845149040222
0.005,0.23866106569766998
0.01,0.2807628810405731
0.05,0.7343483567237854
