epsilon,accuracy
0,0.21633151173591614
0.005,0.24989980459213257
0.01,0.2887992262840271
0.05,0.718683660030365
