epsilon,accuracy
0,0.21400466561317444
0.005,0.2468443214893341
0.01,0.2839493453502655
0.05,0.7112322449684143
