epsilon,accuracy
0,0.19749297201633453
0.005,0.23201468586921692
0.01,0.27153298258781433
0.05,0.7300031185150146
