epsilon,accuracy
0,0.1931547075510025
0.005,0.2298160046339035
0.01,0.272993803024292
0.05,0.7682598829269409
