epsilon,accuracy
0,0.19431854784488678
0.005,0.23015420138835907
0.01,0.27190080285072327
0.05,0.7353988885879517
