epsilon,accuracy
0,0.2013218253850937
0.005,0.23611560463905334
0.01,0.276027649641037
0.05,0.7022159695625305
