epsilon,accuracy
0,0.1974906623363495
0.005,0.23378029465675354
0.01,0.276515930891037
0.05,0.7590832114219666
