epsilon,accuracy
0,0.2001047432422638
0.005,0.23462717235088348
0.01,0.2743920087814331
0.05,0.7289922833442688
