epsilon,accuracy
0,0.19483619928359985
0.005,0.23011936247348785
0.01,0.26994359493255615
0.05,0.7239570617675781
