epsilon,accuracy
0,0.2069421112537384
0.005,0.23917244374752045
0.01,0.2762516736984253
0.05,0.7127287983894348
