epsilon,accuracy
0,0.19697993993759155
0.005,0.23198412358760834
0.01,0.27069970965385437
0.05,0.7110178470611572
