epsilon,accuracy
0,0.1969255805015564
0.005,0.23159274458885193
0.01,0.2718043029308319
0.05,0.7096667885780334
