epsilon,accuracy
0,0.19720306992530823
0.005,0.2331535369157791
0.01,0.27504366636276245
0.05,0.7709410786628723
