epsilon,accuracy
0,0.19837398827075958
0.005,0.23373858630657196
0.01,0.27385056018829346
0.05,0.7181505560874939
