epsilon,accuracy
0,0.19450636208057404
0.005,0.229933500289917
0.01,0.27095192670822144
0.05,0.7501643896102905
