epsilon,accuracy
0,0.19523851573467255
0.005,0.22981908917427063
0.01,0.2698214650154114
0.05,0.6975310444831848
