epsilon,accuracy
0,0.20028188824653625
0.005,0.23574624955654144
0.01,0.2764342725276947
0.05,0.7205455899238586
