epsilon,accuracy
0,0.2026226669549942
0.005,0.2377636581659317
0.01,0.2778737246990204
0.05,0.7441059350967407
