epsilon,accuracy
0,0.2032759189605713
0.005,0.2375679761171341
0.01,0.27671319246292114
0.05,0.7239500284194946
