epsilon,accuracy
0,0.2018304020166397
0.005,0.23631669580936432
0.01,0.276195764541626
0.05,0.7478057146072388
