epsilon,accuracy
0,0.198959082365036
0.005,0.23404410481452942
0.01,0.2743651866912842
0.05,0.7288810014724731
