epsilon,accuracy
0,0.21076536178588867
0.005,0.24304135143756866
0.01,0.2807268798351288
0.05,0.698115885257721
