epsilon,accuracy
0,0.19631856679916382
0.005,0.2322951704263687
0.01,0.27309727668762207
0.05,0.7336364388465881
