epsilon,accuracy
0,0.19927813112735748
0.005,0.23390556871891022
0.01,0.273244708776474
0.05,0.6896677017211914
