epsilon,accuracy
0,0.19604367017745972
0.005,0.22963817417621613
0.01,0.2691703736782074
0.05,0.6955187916755676
