epsilon,accuracy
0,0.19224028289318085
0.005,0.22830402851104736
0.01,0.27136310935020447
0.05,0.7854911684989929
