epsilon,accuracy
0,0.20254087448120117
0.005,0.23691913485527039
0.01,0.27594316005706787
0.05,0.722122073173523
