epsilon,accuracy
0,0.20436549186706543
0.005,0.23835869133472443
0.01,0.27715471386909485
0.05,0.7339635491371155
