epsilon,accuracy
0,0.20076189935207367
0.005,0.23648673295974731
0.01,0.27827683091163635
0.05,0.7697947025299072
