epsilon,accuracy
0,0.1975087672472
0.005,0.2330992966890335
0.01,0.2743545472621918
0.05,0.7568782567977905
