epsilon,accuracy
0,0.2190849930047989
0.005,0.25082558393478394
0.01,0.28692781925201416
0.05,0.7035760879516602
