epsilon,accuracy
0,0.19855915009975433
0.005,0.23468612134456635
0.01,0.27629414200782776
0.05,0.7613853216171265
