epsilon,accuracy
0,0.19536927342414856
0.005,0.23069117963314056
0.01,0.2718355655670166
0.05,0.7433963418006897
