epsilon,accuracy
0,0.19491346180438995
0.005,0.23079606890678406
0.01,0.2725493013858795
0.05,0.7483389377593994
