epsilon,accuracy
0,0.20238979160785675
0.005,0.2369299679994583
0.01,0.27652138471603394
0.05,0.7286412119865417
