epsilon,accuracy
0,0.20246200263500214
0.005,0.23769359290599823
0.01,0.2778617739677429
0.05,0.7403796315193176
