epsilon,accuracy
0,0.19826988875865936
0.005,0.23259663581848145
0.01,0.27187228202819824
0.05,0.6981090307235718
