epsilon,accuracy
0,0.1964913308620453
0.005,0.23154713213443756
0.01,0.27245470881462097
0.05,0.7493816018104553
