epsilon,accuracy
0,0.1976809948682785
0.005,0.23305389285087585
0.01,0.27410799264907837
0.05,0.7576632499694824
