epsilon,accuracy
0,0.2080245167016983
0.005,0.24237875640392303
0.01,0.2808973789215088
0.05,0.6996150612831116
