epsilon,accuracy
0,0.20944607257843018
0.005,0.2423895001411438
0.01,0.2806844711303711
0.05,0.7238511443138123
