epsilon,accuracy
0,0.19846031069755554
0.005,0.23427921533584595
0.01,0.27554768323898315
0.05,0.7407083511352539
