epsilon,accuracy
0,0.19672295451164246
0.005,0.2322661131620407
0.01,0.27353471517562866
0.05,0.7620980739593506
