epsilon,accuracy
0,0.20577922463417053
0.005,0.23983746767044067
0.01,0.2789245843887329
0.05,0.7028052806854248
