epsilon,accuracy
0,0.2047555148601532
0.005,0.23974868655204773
0.01,0.27875199913978577
0.05,0.7199636101722717
