epsilon,accuracy
0,0.1983109712600708
0.005,0.23423562943935394
0.01,0.27640995383262634
0.05,0.7320535182952881
