epsilon,accuracy
0,0.20726686716079712
0.005,0.24127645790576935
0.01,0.28113070130348206
0.05,0.746370792388916
