epsilon,accuracy
0,0.20313028991222382
0.005,0.2388967126607895
0.01,0.28003737330436707
0.05,0.7501217722892761
