epsilon,accuracy
0,0.19797489047050476
0.005,0.23138539493083954
0.01,0.27043867111206055
0.05,0.7233233451843262
