epsilon,accuracy
0,0.19860391318798065
0.005,0.232831671833992
0.01,0.2718771696090698
0.05,0.6985776424407959
