epsilon,accuracy
0,0.19731250405311584
0.005,0.23167112469673157
0.01,0.2706640064716339
0.05,0.6999760866165161
