epsilon,accuracy
0,0.19552558660507202
0.005,0.23176045715808868
0.01,0.27356386184692383
0.05,0.7587897777557373
