epsilon,accuracy
0,0.19537226855754852
0.005,0.22868527472019196
0.01,0.26796314120292664
0.05,0.7119669914245605
