epsilon,accuracy
0,0.20029407739639282
0.005,0.23535075783729553
0.01,0.27481937408447266
0.05,0.7165150046348572
