epsilon,accuracy
0,0.19888906180858612
0.005,0.23312367498874664
0.01,0.2731080651283264
0.05,0.7201683521270752
