epsilon,accuracy
0,0.19874480366706848
0.005,0.23473943769931793
0.01,0.27686044573783875
0.05,0.7633697986602783
