epsilon,accuracy
0,0.20640650391578674
0.005,0.24122221767902374
0.01,0.2807777523994446
0.05,0.7469260096549988
