epsilon,accuracy
0,0.19521640241146088
0.005,0.23061609268188477
0.01,0.27201613783836365
0.05,0.7281555533409119
