epsilon,accuracy
0,0.24765129387378693
0.005,0.2777054011821747
0.01,0.311333030462265
0.05,0.6674745678901672
