epsilon,accuracy
0,0.22369371354579926
0.005,0.2555016279220581
0.01,0.2919759750366211
0.05,0.7286869287490845
