epsilon,accuracy
0,0.2593790292739868
0.005,0.28704383969306946
0.01,0.3179514706134796
0.05,0.6721944808959961
