epsilon,accuracy
0,0.21173058450222015
0.005,0.24405965209007263
0.01,0.28130730986595154
0.05,0.7093203067779541
