epsilon,accuracy
0,0.21213938295841217
0.005,0.24598383903503418
0.01,0.2854597568511963
0.05,0.7388157248497009
