epsilon,accuracy
0,0.19727087020874023
0.005,0.23209267854690552
0.01,0.2713836431503296
0.05,0.6894004940986633
