epsilon,accuracy
0,0.3025154769420624
0.005,0.32597219944000244
0.01,0.3512921631336212
0.05,0.6167570352554321
