epsilon,accuracy
0,0.1919008195400238
0.005,0.22766949236392975
0.01,0.27023905515670776
0.05,0.7481092214584351
