epsilon,accuracy
0,0.19738610088825226
0.005,0.23098674416542053
0.01,0.2698969542980194
0.05,0.7079339027404785
