epsilon,accuracy
0,0.19361132383346558
0.005,0.22924883663654327
0.01,0.27140501141548157
0.05,0.7683874368667603
