epsilon,accuracy
0,0.19911383092403412
0.005,0.23344837129116058
0.01,0.27356263995170593
0.05,0.7262552976608276
