epsilon,accuracy
0,0.195279061794281
0.005,0.23047325015068054
0.01,0.27074071764945984
0.05,0.6905749440193176
