epsilon,accuracy
0,0.2062486708164215
0.005,0.24038667976856232
0.01,0.27915918827056885
0.05,0.723304033279419
