epsilon,accuracy
0,0.1991051286458969
0.005,0.233799010515213
0.01,0.2738371789455414
0.05,0.7112734317779541
