epsilon,accuracy
0,0.19612513482570648
0.005,0.2308037281036377
0.01,0.27177903056144714
0.05,0.7493112087249756
