epsilon,accuracy
0,0.19700853526592255
0.005,0.23165972530841827
0.01,0.2715156078338623
0.05,0.7297663688659668
