epsilon,accuracy
0,0.26349687576293945
0.005,0.292060524225235
0.01,0.3238976299762726
0.05,0.6897426843643188
