epsilon,accuracy
0,0.2001507729291916
0.005,0.23477517068386078
0.01,0.27482062578201294
0.05,0.7298731803894043
