epsilon,accuracy
0,0.20272020995616913
0.005,0.2381507158279419
0.01,0.2781656086444855
0.05,0.6894505023956299
