epsilon,accuracy
0,0.20021294057369232
0.005,0.23482368886470795
0.01,0.2747533917427063
0.05,0.7277849912643433
