epsilon,accuracy
0,0.19658702611923218
0.005,0.23108616471290588
0.01,0.27115973830223083
0.05,0.7484300136566162
