epsilon,accuracy
0,0.19550259411334991
0.005,0.23106840252876282
0.01,0.27274376153945923
0.05,0.737317681312561
