epsilon,accuracy
0,0.19530513882637024
0.005,0.2323039025068283
0.01,0.2742156684398651
0.05,0.7419806122779846
