epsilon,accuracy
0,0.1969204694032669
0.005,0.23130081593990326
0.01,0.2703341543674469
0.05,0.713663637638092
