epsilon,accuracy
0,0.19634075462818146
0.005,0.22988098859786987
0.01,0.26826587319374084
0.05,0.7124394774436951
