epsilon,accuracy
0,0.20045101642608643
0.005,0.23634016513824463
0.01,0.2772607207298279
0.05,0.7381342053413391
