epsilon,accuracy
0,0.1934254914522171
0.005,0.22930830717086792
0.01,0.27217593789100647
0.05,0.7883334755897522
