epsilon,accuracy
0,0.19951367378234863
0.005,0.23255743086338043
0.01,0.2704564332962036
0.05,0.6953603029251099
