epsilon,accuracy
0,0.19984063506126404
0.005,0.2356409877538681
0.01,0.277150958776474
0.05,0.7375370264053345
