epsilon,accuracy
0,0.19848409295082092
0.005,0.2326323240995407
0.01,0.2720349133014679
0.05,0.679317057132721
