epsilon,accuracy
0,0.1949910670518875
0.005,0.22886385023593903
0.01,0.267819881439209
0.05,0.6808282136917114
