epsilon,accuracy
0,0.2021520584821701
0.005,0.23649853467941284
0.01,0.2760429084300995
0.05,0.7222979068756104
