epsilon,accuracy
0,0.2011590451002121
0.005,0.23517155647277832
0.01,0.27525681257247925
0.05,0.7210956811904907
