epsilon,accuracy
0,0.19359031319618225
0.005,0.2287522554397583
0.01,0.27023768424987793
0.05,0.7207990288734436
