epsilon,accuracy
0,0.20455101132392883
0.005,0.23835662007331848
0.01,0.27654361724853516
0.05,0.7089760303497314
