epsilon,accuracy
0,0.19286051392555237
0.005,0.2280120998620987
0.01,0.2701856791973114
0.05,0.7771296501159668
