epsilon,accuracy
0,0.21322329342365265
0.005,0.2450544238090515
0.01,0.28123557567596436
0.05,0.7000276446342468
