epsilon,accuracy
0,0.19893120229244232
0.005,0.2326846420764923
0.01,0.27079635858535767
0.05,0.7126950025558472
