epsilon,accuracy
0,0.195657417178154
0.005,0.22977973520755768
0.01,0.26945436000823975
0.05,0.739583432674408
