epsilon,accuracy
0,0.2030870020389557
0.005,0.23635654151439667
0.01,0.2751111090183258
0.05,0.7094781994819641
