epsilon,accuracy
0,0.19762258231639862
0.005,0.23125363886356354
0.01,0.26987800002098083
0.05,0.7031714916229248
