epsilon,accuracy
0,0.19750858843326569
0.005,0.23283067345619202
0.01,0.2740979492664337
0.05,0.7355920672416687
