epsilon,accuracy
0,0.19580717384815216
0.005,0.23034538328647614
0.01,0.27052104473114014
0.05,0.738673985004425
