epsilon,accuracy
0,0.1981239765882492
0.005,0.23554597795009613
0.01,0.2778060734272003
0.05,0.737644374370575
