epsilon,accuracy
0,0.20744071900844574
0.005,0.2395697385072708
0.01,0.27622562646865845
0.05,0.7230455279350281
