epsilon,accuracy
0,0.2024775594472885
0.005,0.23697328567504883
0.01,0.2777744233608246
0.05,0.7512809038162231
