epsilon,accuracy
0,0.1915910542011261
0.005,0.22813265025615692
0.01,0.27060467004776
0.05,0.7472710609436035
