epsilon,accuracy
0,0.19402585923671722
0.005,0.2293621301651001
0.01,0.2701137959957123
0.05,0.7149344086647034
