epsilon,accuracy
0,0.19080932438373566
0.005,0.22778351604938507
0.01,0.2710532248020172
0.05,0.7490331530570984
