epsilon,accuracy
0,0.21614663302898407
0.005,0.24755840003490448
0.01,0.2836463451385498
0.05,0.7068646550178528
