epsilon,accuracy
0,0.19170917570590973
0.005,0.2282571643590927
0.01,0.26985040307044983
0.05,0.7419276833534241
