epsilon,accuracy
0,0.19926920533180237
0.005,0.23482191562652588
0.01,0.27607065439224243
0.05,0.7513947486877441
