epsilon,accuracy
0,0.19513413310050964
0.005,0.2301373928785324
0.01,0.27128371596336365
0.05,0.7569325566291809
