epsilon,accuracy
0,0.1958933174610138
0.005,0.23232614994049072
0.01,0.2745209336280823
0.05,0.7364466190338135
