epsilon,accuracy
0,0.2008056938648224
0.005,0.23427371680736542
0.01,0.27287009358406067
0.05,0.7167584896087646
