epsilon,accuracy
0,0.19730301201343536
0.005,0.23217174410820007
0.01,0.2715049684047699
0.05,0.7286412715911865
