epsilon,accuracy
0,0.2009357511997223
0.005,0.236979678273201
0.01,0.27851012349128723
0.05,0.7750986814498901
