epsilon,accuracy
0,0.20154908299446106
0.005,0.2362036108970642
0.01,0.2757183313369751
0.05,0.7024757266044617
