epsilon,accuracy
0,0.19267338514328003
0.005,0.22860555350780487
0.01,0.27103298902511597
0.05,0.7577401399612427
