epsilon,accuracy
0,0.20461228489875793
0.005,0.23992809653282166
0.01,0.28029224276542664
0.05,0.7276059985160828
