epsilon,accuracy
0,0.2274187058210373
0.005,0.255304217338562
0.01,0.28685539960861206
0.05,0.6622046232223511
