epsilon,accuracy
0,0.19808143377304077
0.005,0.23305706679821014
0.01,0.27348458766937256
0.05,0.7520672678947449
