epsilon,accuracy
0,0.19706539809703827
0.005,0.23186637461185455
0.01,0.271598756313324
0.05,0.6931451559066772
