epsilon,accuracy
0,0.19700157642364502
0.005,0.23209090530872345
0.01,0.27200478315353394
0.05,0.7069783210754395
