epsilon,accuracy
0,0.1964586228132248
0.005,0.23093582689762115
0.01,0.27065175771713257
0.05,0.7034645676612854
