epsilon,accuracy
0,0.2103690505027771
0.005,0.24390019476413727
0.01,0.2831234037876129
0.05,0.7556594610214233
