epsilon,accuracy
0,0.20609790086746216
0.005,0.2408417910337448
0.01,0.27996838092803955
0.05,0.7344736456871033
