epsilon,accuracy
0,0.20271629095077515
0.005,0.23741105198860168
0.01,0.2771429121494293
0.05,0.7241881489753723
