epsilon,accuracy
0,0.19502204656600952
0.005,0.23170453310012817
0.01,0.2744191884994507
0.05,0.7772120833396912
