epsilon,accuracy
0,0.2077619880437851
0.005,0.2412784993648529
0.01,0.2802950143814087
0.05,0.7412219047546387
