epsilon,accuracy
0,0.26005709171295166
0.005,0.28893110156059265
0.01,0.32173091173171997
0.05,0.687193751335144
