epsilon,accuracy
0,0.1977306753396988
0.005,0.23288603127002716
0.01,0.2741536796092987
0.05,0.7388935089111328
