epsilon,accuracy
0,0.19305597245693207
0.005,0.22784627974033356
0.01,0.26762068271636963
0.05,0.7176382541656494
