epsilon,accuracy
0,0.19749219715595245
0.005,0.232738196849823
0.01,0.2737443447113037
0.05,0.7535363435745239
