epsilon,accuracy
0,0.19981954991817474
0.005,0.2348443865776062
0.01,0.2754591107368469
0.05,0.7051613330841064
