epsilon,accuracy
0,0.2084076702594757
0.005,0.24193932116031647
0.01,0.28064823150634766
0.05,0.7251749038696289
