epsilon,accuracy
0,0.19844427704811096
0.005,0.23448458313941956
0.01,0.2762041389942169
0.05,0.7409529685974121
