epsilon,accuracy
0,0.21367192268371582
0.005,0.24713222682476044
0.01,0.2852933704853058
0.05,0.7346867918968201
