epsilon,accuracy
0,0.19689705967903137
0.005,0.23207902908325195
0.01,0.27223917841911316
0.05,0.6880747675895691
