epsilon,accuracy
0,0.20444923639297485
0.005,0.23844873905181885
0.01,0.27767524123191833
0.05,0.7346827983856201
