epsilon,accuracy
0,0.20084291696548462
0.005,0.23665542900562286
0.01,0.27720728516578674
0.05,0.7346603274345398
