epsilon,accuracy
0,0.19726207852363586
0.005,0.23355704545974731
0.01,0.27595171332359314
0.05,0.7560115456581116
