epsilon,accuracy
0,0.19343867897987366
0.005,0.229849711060524
0.01,0.272892564535141
0.05,0.7470447421073914
