epsilon,accuracy
0,0.1988074630498886
0.005,0.2329472303390503
0.01,0.27256977558135986
0.05,0.7267491221427917
