epsilon,accuracy
0,0.19996193051338196
0.005,0.23650102317333221
0.01,0.27819085121154785
0.05,0.7587023377418518
