epsilon,accuracy
0,0.19716182351112366
0.005,0.23165418207645416
0.01,0.271467000246048
0.05,0.7001994252204895
