epsilon,accuracy
0,0.20174537599086761
0.005,0.23490746319293976
0.01,0.2733086049556732
0.05,0.7146614789962769
