epsilon,accuracy
0,0.19613733887672424
0.005,0.2307426631450653
0.01,0.2709680199623108
0.05,0.6997630596160889
