epsilon,accuracy
0,0.19231893122196198
0.005,0.22767195105552673
0.01,0.26917070150375366
0.05,0.7428059577941895
