epsilon,accuracy
0,0.19577042758464813
0.005,0.23132021725177765
0.01,0.2731747627258301
0.05,0.7483065724372864
