epsilon,accuracy
0,0.20002436637878418
0.005,0.233606219291687
0.01,0.27204734086990356
0.05,0.6925966143608093
