epsilon,accuracy
0,0.19800370931625366
0.005,0.2346794307231903
0.01,0.2770138382911682
0.05,0.7382097840309143
