epsilon,accuracy
0,0.20038862526416779
0.005,0.23672839999198914
0.01,0.2785666882991791
0.05,0.759203314781189
