epsilon,accuracy
0,0.2039780467748642
0.005,0.23798297345638275
0.01,0.2759603261947632
0.05,0.6972383260726929
