epsilon,accuracy
0,0.20151002705097198
0.005,0.2353554368019104
0.01,0.27495816349983215
0.05,0.7162818312644958
