epsilon,accuracy
0,0.19873015582561493
0.005,0.2338249683380127
0.01,0.27421697974205017
0.05,0.7303993701934814
