epsilon,accuracy
0,0.19952897727489471
0.005,0.2339017689228058
0.01,0.2734602987766266
0.05,0.725275456905365
