epsilon,accuracy
0,0.2162369191646576
0.005,0.24716360867023468
0.01,0.28216004371643066
0.05,0.6775200366973877
