epsilon,accuracy
0,0.1928970217704773
0.005,0.22961637377738953
0.01,0.27258503437042236
0.05,0.7553898692131042
