epsilon,accuracy
0,0.20284883677959442
0.005,0.23657183349132538
0.01,0.2750978171825409
0.05,0.7173554301261902
