epsilon,accuracy
0,0.19759634137153625
0.005,0.23273161053657532
0.01,0.2734903395175934
0.05,0.7212668657302856
