epsilon,accuracy
0,0.19855839014053345
0.005,0.2343263477087021
0.01,0.27593639492988586
0.05,0.7349052429199219
