epsilon,accuracy
0,0.1976737678050995
0.005,0.2335600107908249
0.01,0.27497315406799316
0.05,0.7534002661705017
