epsilon,accuracy
0,0.19511915743350983
0.005,0.2311801016330719
0.01,0.27265703678131104
0.05,0.7303496599197388
