epsilon,accuracy
0,0.19968895614147186
0.005,0.23336918652057648
0.01,0.27181556820869446
0.05,0.6974300146102905
