epsilon,accuracy
0,0.19541999697685242
0.005,0.23112313449382782
0.01,0.27279213070869446
0.05,0.748650848865509
