epsilon,accuracy
0,0.19815687835216522
0.005,0.23346133530139923
0.01,0.2736012637615204
0.05,0.7196773290634155
