epsilon,accuracy
0,0.202595055103302
0.005,0.23765212297439575
0.01,0.2775336503982544
0.05,0.7299396395683289
