epsilon,accuracy
0,0.20438618957996368
0.005,0.2391854077577591
0.01,0.27902889251708984
0.05,0.7726987600326538
