epsilon,accuracy
0,0.19939807057380676
0.005,0.23505376279354095
0.01,0.27655452489852905
0.05,0.7416908144950867
