epsilon,accuracy
0,0.2287742793560028
0.005,0.2578606605529785
0.01,0.2912256419658661
0.05,0.669780433177948
