epsilon,accuracy
0,0.20689041912555695
0.005,0.24096985161304474
0.01,0.2797538638114929
0.05,0.7008353471755981
