epsilon,accuracy
0,0.198879212141037
0.005,0.23194263875484467
0.01,0.26913198828697205
0.05,0.6942718029022217
