epsilon,accuracy
0,0.19857044517993927
0.005,0.2339698076248169
0.01,0.27462685108184814
0.05,0.7411182522773743
