epsilon,accuracy
0,0.2088104784488678
0.005,0.2424144595861435
0.01,0.2813197374343872
0.05,0.7140523195266724
