epsilon,accuracy
0,0.20527173578739166
0.005,0.2392648309469223
0.01,0.27904167771339417
0.05,0.7521468997001648
