epsilon,accuracy
0,0.19804932177066803
0.005,0.23310090601444244
0.01,0.2734791040420532
0.05,0.7187963128089905
