epsilon,accuracy
0,0.19818906486034393
0.005,0.23250944912433624
0.01,0.2718370258808136
0.05,0.6902920007705688
