epsilon,accuracy
0,0.2483530193567276
0.005,0.2773492634296417
0.01,0.3099387288093567
0.05,0.6749382019042969
