epsilon,accuracy
0,0.1958419382572174
0.005,0.23157687485218048
0.01,0.2738930881023407
0.05,0.7212940454483032
