epsilon,accuracy
0,0.1976696252822876
0.005,0.23448243737220764
0.01,0.2759227156639099
0.05,0.7495645880699158
