epsilon,accuracy
0,0.19797861576080322
0.005,0.231901153922081
0.01,0.2710506021976471
0.05,0.7110711336135864
