epsilon,accuracy
0,0.19575420022010803
0.005,0.2319711148738861
0.01,0.27431222796440125
0.05,0.7324333786964417
