epsilon,accuracy
0,0.1963079571723938
0.005,0.2330484837293625
0.01,0.2758382260799408
0.05,0.744384765625
