epsilon,accuracy
0,0.19932369887828827
0.005,0.23439869284629822
0.01,0.2746974229812622
0.05,0.6895890235900879
