epsilon,accuracy
0,0.1984795778989792
0.005,0.23335206508636475
0.01,0.273372620344162
0.05,0.6992183923721313
