epsilon,accuracy
0,0.1925203949213028
0.005,0.22877851128578186
0.01,0.27105870842933655
0.05,0.7502996921539307
