epsilon,accuracy
0,0.21997353434562683
0.005,0.2526681423187256
0.01,0.28971293568611145
0.05,0.710567831993103
