epsilon,accuracy
0,0.1962127685546875
0.005,0.23100079596042633
0.01,0.2717742323875427
0.05,0.7435022592544556
