epsilon,accuracy
0,0.1983451545238495
0.005,0.2328253984451294
0.01,0.27260488271713257
0.05,0.7120874524116516
