epsilon,accuracy
0,0.20263932645320892
0.005,0.23625993728637695
0.01,0.2741128206253052
0.05,0.7046723961830139
