epsilon,accuracy
0,0.2015884518623352
0.005,0.2361445426940918
0.01,0.2756739854812622
0.05,0.7220096588134766
