epsilon,accuracy
0,0.1994427889585495
0.005,0.23441733419895172
0.01,0.2755763828754425
0.05,0.7580711841583252
