epsilon,accuracy
0,0.19569295644760132
0.005,0.23052772879600525
0.01,0.27098530530929565
0.05,0.7447957396507263
