epsilon,accuracy
0,0.19382092356681824
0.005,0.22932647168636322
0.01,0.2717534601688385
0.05,0.7885213494300842
