epsilon,accuracy
0,0.20357657968997955
0.005,0.23914553225040436
0.01,0.27993878722190857
0.05,0.7400920391082764
