epsilon,accuracy
0,0.1962776482105255
0.005,0.23266956210136414
0.01,0.27390366792678833
0.05,0.7276136875152588
