epsilon,accuracy
0,0.1999233216047287
0.005,0.23499749600887299
0.01,0.2749682664871216
0.05,0.7264914512634277
