epsilon,accuracy
0,0.20637917518615723
0.005,0.24072265625
0.01,0.2799704372882843
0.05,0.7200652360916138
