epsilon,accuracy
0,0.20049160718917847
0.005,0.23544152081012726
0.01,0.2759242057800293
0.05,0.7282569408416748
