epsilon,accuracy
0,0.19718913733959198
0.005,0.23275497555732727
0.01,0.2740228474140167
0.05,0.7346037030220032
