epsilon,accuracy
0,0.19865402579307556
0.005,0.2341596633195877
0.01,0.2756970524787903
0.05,0.7765471935272217
