epsilon,accuracy
0,0.19080881774425507
0.005,0.22685351967811584
0.01,0.2691405117511749
0.05,0.741955041885376
