epsilon,accuracy
0,0.19757874310016632
0.005,0.2312401533126831
0.01,0.27000048756599426
0.05,0.7177138328552246
