epsilon,accuracy
0,0.19710014760494232
0.005,0.2330431044101715
0.01,0.2747417688369751
0.05,0.7436128258705139
