epsilon,accuracy
0,0.20311321318149567
0.005,0.2367023527622223
0.01,0.2754097282886505
0.05,0.7048690319061279
