epsilon,accuracy
0,0.1969582438468933
0.005,0.23266316950321198
0.01,0.27325859665870667
0.05,0.7079059481620789
