epsilon,accuracy
0,0.1958504021167755
0.005,0.23187783360481262
0.01,0.27449917793273926
0.05,0.7635307908058167
