epsilon,accuracy
0,0.22691476345062256
0.005,0.2578069269657135
0.01,0.29252055287361145
0.05,0.6692110896110535
