epsilon,accuracy
0,0.19784986972808838
0.005,0.23320460319519043
0.01,0.2732718884944916
0.05,0.686199426651001
