epsilon,accuracy
0,0.19991104304790497
0.005,0.23579269647598267
0.01,0.27731120586395264
0.05,0.7442413568496704
