epsilon,accuracy
0,0.20226311683654785
0.005,0.2358136922121048
0.01,0.2736898362636566
0.05,0.7171913981437683
