epsilon,accuracy
0,0.19719912111759186
0.005,0.23213668167591095
0.01,0.2728351056575775
0.05,0.7245208621025085
