epsilon,accuracy
0,0.20089824497699738
0.005,0.23532570898532867
0.01,0.27441665530204773
0.05,0.7217259407043457
