epsilon,accuracy
0,0.19469469785690308
0.005,0.2308017462491989
0.01,0.27256837487220764
0.05,0.717632532119751
