epsilon,accuracy
0,0.19335003197193146
0.005,0.22865834832191467
0.01,0.26986563205718994
0.05,0.7450602054595947
