epsilon,accuracy
0,0.1971241980791092
0.005,0.23149052262306213
0.01,0.27094581723213196
0.05,0.68938148021698
