epsilon,accuracy
0,0.1993090659379959
0.005,0.23347264528274536
0.01,0.27232974767684937
0.05,0.7056248188018799
