epsilon,accuracy
0,0.19825202226638794
0.005,0.23463617265224457
0.01,0.27658435702323914
0.05,0.744940459728241
