epsilon,accuracy
0,0.200217142701149
0.005,0.23281656205654144
0.01,0.2703339159488678
0.05,0.6945509314537048
