epsilon,accuracy
0,0.20475728809833527
0.005,0.23935097455978394
0.01,0.2796112596988678
0.05,0.7382957935333252
