epsilon,accuracy
0,0.20438916981220245
0.005,0.23819445073604584
0.01,0.27619248628616333
0.05,0.6972015500068665
