epsilon,accuracy
0,0.19676540791988373
0.005,0.23202605545520782
0.01,0.271331250667572
0.05,0.7143742442131042
