epsilon,accuracy
0,0.19009417295455933
0.005,0.2262444645166397
0.01,0.2687627375125885
0.05,0.7648423910140991
