epsilon,accuracy
0,0.2086079716682434
0.005,0.24248985946178436
0.01,0.2811037600040436
0.05,0.7420662641525269
