epsilon,accuracy
0,0.19223208725452423
0.005,0.22811605036258698
0.01,0.2699340879917145
0.05,0.7275534272193909
