epsilon,accuracy
0,0.19928474724292755
0.005,0.234233558177948
0.01,0.2742515206336975
0.05,0.6930010318756104
