epsilon,accuracy
0,0.20101627707481384
0.005,0.23684161901474
0.01,0.2782595753669739
0.05,0.7440105080604553
