epsilon,accuracy
0,0.1973542720079422
0.005,0.23258544504642487
0.01,0.2732454240322113
0.05,0.7073095440864563
