epsilon,accuracy
0,0.20798471570014954
0.005,0.24248646199703217
0.01,0.2821044325828552
0.05,0.682509183883667
