epsilon,accuracy
0,0.19652071595191956
0.005,0.2310468703508377
0.01,0.271012544631958
0.05,0.7108452320098877
