epsilon,accuracy
0,0.19608363509178162
0.005,0.23038923740386963
0.01,0.2701312005519867
0.05,0.7070907354354858
