epsilon,accuracy
0,0.19980330765247345
0.005,0.23352482914924622
0.01,0.2723958492279053
0.05,0.710866391658783
