epsilon,accuracy
0,0.20047175884246826
0.005,0.23492926359176636
0.01,0.2750735580921173
0.05,0.7272374033927917
