epsilon,accuracy
0,0.19849005341529846
0.005,0.23232977092266083
0.01,0.2709576487541199
0.05,0.7116966247558594
