epsilon,accuracy
0,0.19856271147727966
0.005,0.23231546580791473
0.01,0.27117839455604553
0.05,0.7024804949760437
