epsilon,accuracy
0,0.19601669907569885
0.005,0.2299054116010666
0.01,0.2689501643180847
0.05,0.7223280668258667
