epsilon,accuracy
0,0.3042090833187103
0.005,0.32739660143852234
0.01,0.35256633162498474
0.05,0.6151484847068787
