epsilon,accuracy
0,0.20233683288097382
0.005,0.23681935667991638
0.01,0.2760259807109833
0.05,0.7235615849494934
