epsilon,accuracy
0,0.22004354000091553
0.005,0.2521926462650299
0.01,0.28945961594581604
0.05,0.7310911417007446
