epsilon,accuracy
0,0.20005737245082855
0.005,0.23678840696811676
0.01,0.27920034527778625
0.05,0.7630385756492615
