epsilon,accuracy
0,0.19871646165847778
0.005,0.23618794977664948
0.01,0.27904486656188965
0.05,0.7376680970191956
