epsilon,accuracy
0,0.2009991854429245
0.005,0.23431284725666046
0.01,0.2721588611602783
0.05,0.7028993964195251
