epsilon,accuracy
0,0.19719353318214417
0.005,0.23093141615390778
0.01,0.27075910568237305
0.05,0.7529372572898865
