epsilon,accuracy
0,0.1988990306854248
0.005,0.23190556466579437
0.01,0.2693327069282532
0.05,0.6982810497283936
