epsilon,accuracy
0,0.19923992455005646
0.005,0.23494870960712433
0.01,0.2770456075668335
0.05,0.7581063508987427
