epsilon,accuracy
0,0.22142882645130157
0.005,0.2534881830215454
0.01,0.29047146439552307
0.05,0.7321711778640747
