epsilon,accuracy
0,0.20330284535884857
0.005,0.2375514954328537
0.01,0.2764056921005249
0.05,0.7312373518943787
