epsilon,accuracy
0,0.20494391024112701
0.005,0.23948988318443298
0.01,0.27987727522850037
0.05,0.7421106100082397
