epsilon,accuracy
0,0.1943478286266327
0.005,0.22949156165122986
0.01,0.2699562609195709
0.05,0.7374008297920227
