epsilon,accuracy
0,0.19064798951148987
0.005,0.22649948298931122
0.01,0.2681840658187866
0.05,0.733989417552948
