epsilon,accuracy
0,0.2029140144586563
0.005,0.2375679910182953
0.01,0.2766726315021515
0.05,0.7010884881019592
