epsilon,accuracy
0,0.19662001729011536
0.005,0.23026159405708313
0.01,0.26887381076812744
0.05,0.7151460647583008
