epsilon,accuracy
0,0.19816021621227264
0.005,0.2330479919910431
0.01,0.27266550064086914
0.05,0.7117854952812195
