epsilon,accuracy
0,0.19175103306770325
0.005,0.2287469208240509
0.01,0.27079784870147705
0.05,0.7464781403541565
