epsilon,accuracy
0,0.19894921779632568
0.005,0.23303642868995667
0.01,0.27258458733558655
0.05,0.704172670841217
