epsilon,accuracy
0,0.19581398367881775
0.005,0.23040953278541565
0.01,0.27034130692481995
0.05,0.7423445582389832
