epsilon,accuracy
0,0.20081119239330292
0.005,0.23561792075634003
0.01,0.27649033069610596
0.05,0.7558755278587341
