epsilon,accuracy
0,0.1966734230518341
0.005,0.23074916005134583
0.01,0.2698811888694763
0.05,0.7025704383850098
