epsilon,accuracy
0,0.19858673214912415
0.005,0.2329283207654953
0.01,0.272300124168396
0.05,0.7145435214042664
