epsilon,accuracy
0,0.19681523740291595
0.005,0.2322179526090622
0.01,0.27302616834640503
0.05,0.7542691230773926
