epsilon,accuracy
0,0.19892950356006622
0.005,0.23311029374599457
0.01,0.2716655731201172
0.05,0.699306845664978
