epsilon,accuracy
0,0.1953057050704956
0.005,0.229421928524971
0.01,0.26866793632507324
0.05,0.7137317657470703
