epsilon,accuracy
0,0.19546398520469666
0.005,0.23086042702198029
0.01,0.27171701192855835
0.05,0.6866382956504822
