epsilon,accuracy
0,0.1994064748287201
0.005,0.23410722613334656
0.01,0.2731875777244568
0.05,0.6992959380149841
