epsilon,accuracy
0,0.19886772334575653
0.005,0.23474334180355072
0.01,0.2757469117641449
0.05,0.7330784797668457
