epsilon,accuracy
0,0.19932818412780762
0.005,0.23495285212993622
0.01,0.2763473689556122
0.05,0.7357130646705627
