epsilon,accuracy
0,0.19539770483970642
0.005,0.230880007147789
0.01,0.27134865522384644
0.05,0.718128502368927
