epsilon,accuracy
0,0.22435535490512848
0.005,0.2560391128063202
0.01,0.2926992177963257
0.05,0.708755373954773
