epsilon,accuracy
0,0.20087358355522156
0.005,0.23582978546619415
0.01,0.27573978900909424
0.05,0.7215014696121216
