epsilon,accuracy
0,0.19744881987571716
0.005,0.23285223543643951
0.01,0.27403974533081055
0.05,0.7354944348335266
