epsilon,accuracy
0,0.19408299028873444
0.005,0.22982200980186462
0.01,0.27202120423316956
0.05,0.7753471732139587
