epsilon,accuracy
0,0.19632214307785034
0.005,0.23190189898014069
0.01,0.2732672691345215
0.05,0.7605789303779602
