epsilon,accuracy
0,0.20528234541416168
0.005,0.23895195126533508
0.01,0.2782142758369446
0.05,0.7102391123771667
