epsilon,accuracy
0,0.20147429406642914
0.005,0.23595242202281952
0.01,0.2755416929721832
0.05,0.7432836294174194
