epsilon,accuracy
0,0.1989341527223587
0.005,0.23411254584789276
0.01,0.27482345700263977
0.05,0.729840874671936
