epsilon,accuracy
0,0.2011685073375702
0.005,0.2364029735326767
0.01,0.2769354581832886
0.05,0.7383253574371338
