epsilon,accuracy
0,0.19604186713695526
0.005,0.2304685413837433
0.01,0.26999711990356445
0.05,0.7141304016113281
