epsilon,accuracy
0,0.20727510750293732
0.005,0.2409350425004959
0.01,0.279237300157547
0.05,0.7035514116287231
