epsilon,accuracy
0,0.21431368589401245
0.005,0.2468039095401764
0.01,0.2845817506313324
0.05,0.703758180141449
