epsilon,accuracy
0,0.1999782770872116
0.005,0.235220268368721
0.01,0.2766907513141632
0.05,0.7534182071685791
