epsilon,accuracy
0,0.1971958577632904
0.005,0.230961874127388
0.01,0.26955655217170715
0.05,0.7135792970657349
