epsilon,accuracy
0,0.1990506500005722
0.005,0.23344241082668304
0.01,0.27268385887145996
0.05,0.714070200920105
