epsilon,accuracy
0,0.19731248915195465
0.005,0.23198777437210083
0.01,0.2712607681751251
0.05,0.7274366021156311
