epsilon,accuracy
0,0.22239108383655548
0.005,0.2550494074821472
0.01,0.2924608290195465
0.05,0.7272834777832031
