epsilon,accuracy
0,0.21459408104419708
0.005,0.24792826175689697
0.01,0.28613653779029846
0.05,0.725663959980011
