epsilon,accuracy
0,0.19678881764411926
0.005,0.2322327345609665
0.01,0.2732239365577698
0.05,0.756683886051178
