epsilon,accuracy
0,0.20421378314495087
0.005,0.23916229605674744
0.01,0.27852582931518555
0.05,0.7143133282661438
