epsilon,accuracy
0,0.20218263566493988
0.005,0.23415511846542358
0.01,0.2709333300590515
0.05,0.688045859336853
