epsilon,accuracy
0,0.2016606330871582
0.005,0.23535488545894623
0.01,0.2735207676887512
0.05,0.705847442150116
