epsilon,accuracy
0,0.2051825076341629
0.005,0.23952460289001465
0.01,0.27778100967407227
0.05,0.7122770547866821
