epsilon,accuracy
0,0.1990933120250702
0.005,0.2332793027162552
0.01,0.2731103301048279
0.05,0.7247002124786377
