epsilon,accuracy
0,0.21328522264957428
0.005,0.2473570704460144
0.01,0.28546518087387085
0.05,0.7101048827171326
