epsilon,accuracy
0,0.2059406340122223
0.005,0.23991304636001587
0.01,0.2788332402706146
0.05,0.7092435359954834
