epsilon,accuracy
0,0.19995898008346558
0.005,0.23321500420570374
0.01,0.2714478373527527
0.05,0.6935429573059082
