epsilon,accuracy
0,0.20175819098949432
0.005,0.236955925822258
0.01,0.27832555770874023
0.05,0.7569625973701477
