epsilon,accuracy
0,0.19749194383621216
0.005,0.23194193840026855
0.01,0.27146920561790466
0.05,0.7252113223075867
