epsilon,accuracy
0,0.20785298943519592
0.005,0.2416624128818512
0.01,0.2807888388633728
0.05,0.7538780570030212
