epsilon,accuracy
0,0.19180317223072052
0.005,0.22763805091381073
0.01,0.26854491233825684
0.05,0.7384534478187561
