epsilon,accuracy
0,0.2094244509935379
0.005,0.24405241012573242
0.01,0.28401467204093933
0.05,0.747677743434906
