epsilon,accuracy
0,0.19500750303268433
0.005,0.23041966557502747
0.01,0.2706770896911621
0.05,0.7139542102813721
