epsilon,accuracy
0,0.19282422959804535
0.005,0.22815999388694763
0.01,0.26952633261680603
0.05,0.7393819093704224
