epsilon,accuracy
0,0.1949223130941391
0.005,0.22916042804718018
0.01,0.26896724104881287
0.05,0.6903871297836304
