epsilon,accuracy
0,0.19212299585342407
0.005,0.22905495762825012
0.01,0.2719157636165619
0.05,0.7551960349082947
