epsilon,accuracy
0,0.19616501033306122
0.005,0.230899840593338
0.01,0.2709793448448181
0.05,0.7269161939620972
