epsilon,accuracy
0,0.19783878326416016
0.005,0.23101359605789185
0.01,0.2696923613548279
0.05,0.7149732708930969
