epsilon,accuracy
0,0.19238223135471344
0.005,0.2284659892320633
0.01,0.27172890305519104
0.05,0.7854541540145874
