epsilon,accuracy
0,0.19404341280460358
0.005,0.2308080494403839
0.01,0.2741701602935791
0.05,0.7342846393585205
