epsilon,accuracy
0,0.20104900002479553
0.005,0.23554055392742157
0.01,0.27478930354118347
0.05,0.7219294309616089
