epsilon,accuracy
0,0.21532444655895233
0.005,0.24668653309345245
0.01,0.2827712595462799
0.05,0.7104852795600891
