epsilon,accuracy
0,0.20199155807495117
0.005,0.23697303235530853
0.01,0.27695658802986145
0.05,0.7273418307304382
