epsilon,accuracy
0,0.19719257950782776
0.005,0.23194749653339386
0.01,0.27281615138053894
0.05,0.7488248944282532
