epsilon,accuracy
0,0.1985335499048233
0.005,0.23425322771072388
0.01,0.27567750215530396
0.05,0.7406156063079834
