epsilon,accuracy
0,0.2020067423582077
0.005,0.23734602332115173
0.01,0.27767765522003174
0.05,0.7137908935546875
