epsilon,accuracy
0,0.1989593505859375
0.005,0.2348989099264145
0.01,0.2761962115764618
0.05,0.7329320311546326
