epsilon,accuracy
0,0.19193042814731598
0.005,0.22844582796096802
0.01,0.27099868655204773
0.05,0.742382287979126
