epsilon,accuracy
0,0.2054702341556549
0.005,0.24091403186321259
0.01,0.28116893768310547
0.05,0.7395408749580383
