epsilon,accuracy
0,0.22169601917266846
0.005,0.2535797357559204
0.01,0.2903788387775421
0.05,0.7305200099945068
