epsilon,accuracy
0,0.19341523945331573
0.005,0.22816231846809387
0.01,0.26876121759414673
0.05,0.7517362236976624
