epsilon,accuracy
0,0.19280657172203064
0.005,0.2298465073108673
0.01,0.27271080017089844
0.05,0.7578034400939941
