epsilon,accuracy
0,0.2116813063621521
0.005,0.24527999758720398
0.01,0.2830447554588318
0.05,0.6937718987464905
