epsilon,accuracy
0,0.19579537212848663
0.005,0.23135331273078918
0.01,0.2725399136543274
0.05,0.7272889614105225
