epsilon,accuracy
0,0.191872701048851
0.005,0.22827200591564178
0.01,0.2706707715988159
0.05,0.7457970976829529
