epsilon,accuracy
0,0.19249828159809113
0.005,0.22884629666805267
0.01,0.2711626887321472
0.05,0.7459118366241455
