epsilon,accuracy
0,0.1963440477848053
0.005,0.2317638248205185
0.01,0.2722781300544739
0.05,0.7531632781028748
