epsilon,accuracy
0,0.19839248061180115
0.005,0.23248521983623505
0.01,0.27117541432380676
0.05,0.7074702382087708
