epsilon,accuracy
0,0.2046540528535843
0.005,0.2378024458885193
0.01,0.27555912733078003
0.05,0.693719208240509
