epsilon,accuracy
0,0.19299660623073578
0.005,0.2280649095773697
0.01,0.26834073662757874
0.05,0.7054503560066223
