epsilon,accuracy
0,0.19779016077518463
0.005,0.23270153999328613
0.01,0.27282461524009705
0.05,0.699024498462677
