epsilon,accuracy
0,0.20274004340171814
0.005,0.23692724108695984
0.01,0.2753203511238098
0.05,0.7150194048881531
