epsilon,accuracy
0,0.19852684438228607
0.005,0.23126181960105896
0.01,0.26935768127441406
0.05,0.729620635509491
