epsilon,accuracy
0,0.1994732916355133
0.005,0.23320356011390686
0.01,0.27159491181373596
0.05,0.6858118176460266
