epsilon,accuracy
0,0.19916732609272003
0.005,0.23358187079429626
0.01,0.2729129195213318
0.05,0.7047998905181885
