epsilon,accuracy
0,0.19924849271774292
0.005,0.23461446166038513
0.01,0.2757270336151123
0.05,0.745303750038147
