epsilon,accuracy
0,0.2000831812620163
0.005,0.2362564504146576
0.01,0.2787558138370514
0.05,0.7719112634658813
