epsilon,accuracy
0,0.1996418833732605
0.005,0.2346756011247635
0.01,0.27555030584335327
0.05,0.7359020709991455
