epsilon,accuracy
0,0.19371429085731506
0.005,0.2293749898672104
0.01,0.27209147810935974
0.05,0.7795090675354004
