epsilon,accuracy
0,0.20384737849235535
0.005,0.23693011701107025
0.01,0.2751753330230713
0.05,0.7142471075057983
