epsilon,accuracy
0,0.19603414833545685
0.005,0.23073652386665344
0.01,0.2706899344921112
0.05,0.7035332322120667
