epsilon,accuracy
0,0.20094512403011322
0.005,0.2347090095281601
0.01,0.27408990263938904
0.05,0.7279175519943237
