epsilon,accuracy
0,0.21111546456813812
0.005,0.24378399550914764
0.01,0.2814159691333771
0.05,0.7388364672660828
