epsilon,accuracy
0,0.20741687715053558
0.005,0.24253523349761963
0.01,0.28310850262641907
0.05,0.7495054006576538
