epsilon,accuracy
0,0.19740916788578033
0.005,0.23208434879779816
0.01,0.27088668942451477
0.05,0.6949101090431213
