epsilon,accuracy
0,0.19999656081199646
0.005,0.23561754822731018
0.01,0.276751309633255
0.05,0.7782819271087646
