epsilon,accuracy
0,0.21674686670303345
0.005,0.2502191364765167
0.01,0.28748640418052673
0.05,0.6975151896476746
