epsilon,accuracy
0,0.22760938107967377
0.005,0.2562611699104309
0.01,0.2890689969062805
0.05,0.6756848096847534
