epsilon,accuracy
0,0.20042499899864197
0.005,0.23549550771713257
0.01,0.2757357358932495
0.05,0.7208579778671265
