epsilon,accuracy
0,0.19821405410766602
0.005,0.2328340709209442
0.01,0.27263522148132324
0.05,0.7353061437606812
