epsilon,accuracy
0,0.19594503939151764
0.005,0.23136530816555023
0.01,0.2725329101085663
0.05,0.6964870691299438
