epsilon,accuracy
0,0.2007313072681427
0.005,0.23613043129444122
0.01,0.2769685983657837
0.05,0.7400861382484436
