epsilon,accuracy
0,0.20137907564640045
0.005,0.2350112348794937
0.01,0.27410057187080383
0.05,0.7346585988998413
