epsilon,accuracy
0,0.19417977333068848
0.005,0.2291802316904068
0.01,0.2706279456615448
0.05,0.714824914932251
