epsilon,accuracy
0,0.20143461227416992
0.005,0.2350510060787201
0.01,0.2733237147331238
0.05,0.7128947973251343
