epsilon,accuracy
0,0.2002726048231125
0.005,0.2344386726617813
0.01,0.27433714270591736
0.05,0.7233269810676575
