epsilon,accuracy
0,0.19706809520721436
0.005,0.23190736770629883
0.01,0.27238428592681885
0.05,0.7297658324241638
