epsilon,accuracy
0,0.19999097287654877
0.005,0.23453159630298615
0.01,0.27406829595565796
0.05,0.7329025864601135
