epsilon,accuracy
0,0.19640284776687622
0.005,0.23063625395298004
0.01,0.2709014415740967
0.05,0.7493187785148621
