epsilon,accuracy
0,0.2245914489030838
0.005,0.2559422254562378
0.01,0.29109230637550354
0.05,0.6748552918434143
