epsilon,accuracy
0,0.19635121524333954
0.005,0.23113083839416504
0.01,0.27187469601631165
0.05,0.750361442565918
