epsilon,accuracy
0,0.23326627910137177
0.005,0.26386553049087524
0.01,0.2985086143016815
0.05,0.6917146444320679
