epsilon,accuracy
0,0.19591966271400452
0.005,0.2301136553287506
0.01,0.2692335844039917
0.05,0.7003759741783142
