epsilon,accuracy
0,0.20919795334339142
0.005,0.2429940551519394
0.01,0.2818623185157776
0.05,0.7092543244361877
