epsilon,accuracy
0,0.19625797867774963
0.005,0.23101450502872467
0.01,0.27026811242103577
0.05,0.6936717629432678
