epsilon,accuracy
0,0.2606247365474701
0.005,0.2887415587902069
0.01,0.32018929719924927
0.05,0.681001603603363
