epsilon,accuracy
0,0.21981000900268555
0.005,0.25107741355895996
0.01,0.28700995445251465
0.05,0.7053940296173096
