epsilon,accuracy
0,0.233455628156662
0.005,0.2633555829524994
0.01,0.2971474230289459
0.05,0.699141263961792
