epsilon,accuracy
0,0.19670864939689636
0.005,0.23272398114204407
0.01,0.2742641270160675
0.05,0.7776914834976196
