epsilon,accuracy
0,0.2029922902584076
0.005,0.23689594864845276
0.01,0.2754802107810974
0.05,0.7152673006057739
