epsilon,accuracy
0,0.19709499180316925
0.005,0.23264433443546295
0.01,0.2720264494419098
0.05,0.7123262882232666
