epsilon,accuracy
0,0.2375367134809494
0.005,0.26742762327194214
0.01,0.30143430829048157
0.05,0.6629248857498169
