epsilon,accuracy
0,0.20233431458473206
0.005,0.23693586885929108
0.01,0.2765117585659027
0.05,0.726273775100708
