epsilon,accuracy
0,0.19855931401252747
0.005,0.2335740029811859
0.01,0.27288737893104553
0.05,0.6919836401939392
