epsilon,accuracy
0,0.20351265370845795
0.005,0.23891517519950867
0.01,0.2793964147567749
0.05,0.7331380844116211
