epsilon,accuracy
0,0.1966511309146881
0.005,0.23182258009910583
0.01,0.27322760224342346
0.05,0.7530024647712708
