epsilon,accuracy
0,0.19755928218364716
0.005,0.23201733827590942
0.01,0.27126258611679077
0.05,0.6935433745384216
