epsilon,accuracy
0,0.19851887226104736
0.005,0.23221777379512787
0.01,0.2707255184650421
0.05,0.692548394203186
