epsilon,accuracy
0,0.19860008358955383
0.005,0.23359139263629913
0.01,0.2744162082672119
0.05,0.7297446131706238
