epsilon,accuracy
0,0.19243311882019043
0.005,0.2283799797296524
0.01,0.2714543640613556
0.05,0.784287691116333
