epsilon,accuracy
0,0.2027481347322464
0.005,0.23695209622383118
0.01,0.2763952314853668
0.05,0.7301323413848877
