epsilon,accuracy
0,0.1984199732542038
0.005,0.23367667198181152
0.01,0.27407652139663696
0.05,0.7450733184814453
