epsilon,accuracy
0,0.19851483404636383
0.005,0.2325287163257599
0.01,0.27156901359558105
0.05,0.7306528687477112
