epsilon,accuracy
0,0.19782324135303497
0.005,0.23526929318904877
0.01,0.2771308422088623
0.05,0.7275496125221252
