epsilon,accuracy
0,0.19838158786296844
0.005,0.23327568173408508
0.01,0.2731844484806061
0.05,0.7131314873695374
