epsilon,accuracy
0,0.19878102838993073
0.005,0.2362603396177292
0.01,0.27917060256004333
0.05,0.7369778752326965
