epsilon,accuracy
0,0.194881409406662
0.005,0.22956553101539612
0.01,0.26928189396858215
0.05,0.711341917514801
