epsilon,accuracy
0,0.1990463137626648
0.005,0.23286700248718262
0.01,0.2724184989929199
0.05,0.7346081137657166
