epsilon,accuracy
0,0.19939546287059784
0.005,0.2344181090593338
0.01,0.2744455337524414
0.05,0.7282411456108093
