epsilon,accuracy
0,0.19749759137630463
0.005,0.23339278995990753
0.01,0.2746739387512207
0.05,0.7702550888061523
