epsilon,accuracy
0,0.19649359583854675
0.005,0.23235204815864563
0.01,0.2735934853553772
0.05,0.7320712804794312
