epsilon,accuracy
0,0.19751900434494019
0.005,0.23344145715236664
0.01,0.2739126980304718
0.05,0.700052797794342
