epsilon,accuracy
0,0.2017010599374771
0.005,0.23658645153045654
0.01,0.27706199884414673
0.05,0.7357028722763062
