epsilon,accuracy
0,0.20209230482578278
0.005,0.23617848753929138
0.01,0.27573996782302856
0.05,0.7253223061561584
