epsilon,accuracy
0,0.1974710375070572
0.005,0.23338556289672852
0.01,0.2748481035232544
0.05,0.7519280314445496
