epsilon,accuracy
0,0.1999938189983368
0.005,0.23523648083209991
0.01,0.2759016752243042
0.05,0.7354170680046082
