epsilon,accuracy
0,0.19653162360191345
0.005,0.23228734731674194
0.01,0.27353328466415405
0.05,0.7398964762687683
