epsilon,accuracy
0,0.1982254534959793
0.005,0.23279322683811188
0.01,0.2720136046409607
0.05,0.7285837531089783
