epsilon,accuracy
0,0.19610002636909485
0.005,0.2319263070821762
0.01,0.27338770031929016
0.05,0.7551512122154236
