epsilon,accuracy
0,0.19885003566741943
0.005,0.23418037593364716
0.01,0.27453896403312683
0.05,0.7272397875785828
