epsilon,accuracy
0,0.20923341810703278
0.005,0.24321050941944122
0.01,0.2829304337501526
0.05,0.7427364587783813
