epsilon,accuracy
0,0.20215748250484467
0.005,0.23671452701091766
0.01,0.27589020133018494
0.05,0.7031953930854797
