epsilon,accuracy
0,0.20146846771240234
0.005,0.23578134179115295
0.01,0.2746974229812622
0.05,0.715709924697876
