epsilon,accuracy
0,0.21849408745765686
0.005,0.2511577904224396
0.01,0.28838956356048584
0.05,0.6987550854682922
