epsilon,accuracy
0,0.19798876345157623
0.005,0.23268644511699677
0.01,0.2722265422344208
0.05,0.6989315748214722
