epsilon,accuracy
0,0.19747160375118256
0.005,0.23293043673038483
0.01,0.27182602882385254
0.05,0.6840073466300964
