epsilon,accuracy
0,0.19345666468143463
0.005,0.2295607626438141
0.01,0.27225473523139954
0.05,0.7811440229415894
