epsilon,accuracy
0,0.21312552690505981
0.005,0.24502846598625183
0.01,0.28164488077163696
0.05,0.7295761704444885
