epsilon,accuracy
0,0.19888299703598022
0.005,0.23455987870693207
0.01,0.2758602797985077
0.05,0.7363052368164062
