epsilon,accuracy
0,0.20045603811740875
0.005,0.2346537709236145
0.01,0.2743246853351593
0.05,0.7194219827651978
