epsilon,accuracy
0,0.19789649546146393
0.005,0.23172245919704437
0.01,0.27114230394363403
0.05,0.7176319360733032
