epsilon,accuracy
0,0.19501110911369324
0.005,0.2306371033191681
0.01,0.27285629510879517
0.05,0.7648248672485352
