epsilon,accuracy
0,0.19725695252418518
0.005,0.23195607960224152
0.01,0.2713770568370819
0.05,0.6873313784599304
