epsilon,accuracy
0,0.20028012990951538
0.005,0.23443558812141418
0.01,0.273956298828125
0.05,0.7262539863586426
